title,product_id,user_id,url
PARWIN Infrared Flat Iron 1 1/4 Inch Digital Hair Straightener Iron with Ceramic Tourmaline Plate Temperature Control Hair Iron Christmas Gift Black,B07DPKZPRH,AFXF3EGQTQDXMRLDWFU7UBFQZB7Q,https://m.media-amazon.com/images/I/41f6wWini1L.jpg
AG Care Natural Remedy Apple Cider Vinegar Leave On Mist,B0BG6WX4DH,AGYVC7KVHP2AWM7BDCEYNHFA6F3Q,https://m.media-amazon.com/images/I/31oLN+uIjjL.jpg
"Water Flosser Cordless Teeth Cleaner, SOOCAS Professional Oral Irrigator 230ML Portable and Rechargeable Water Dental Flosser with 3 Modes and 4 Jet Tips, IPX7 Waterproof, USB Charged for 30 Days Use",B07LCHCD6Q,AFWVN52MRBWOTIK7UGXBWGOY4HBA,https://m.media-amazon.com/images/I/314sDuNSdQL.jpg
Women Facial Razor for Hair Removal - Dermaplaning Tool Peach Fuzz Trimmer Womens Fine Hair Remover Eyebrow Razors and Dermaplane Face Shavers Women's Exfoliating for Sensitive Skin Essential Travel,B07R3BMYBG,AGLGCQJ6R7DK2HOZRYGHMQ7D6BTA,https://m.media-amazon.com/images/I/41YZHPlhn+L.jpg
N3 No Name Necessary Pore-Minimizing Mattifying Oil and Shine Control Anti-aging Makeup Face Primer Spray (200ml),B07QN8B5VG,AEIFXWDWF3NU6Y5L5VQBEITE7KJQ,https://m.media-amazon.com/images/I/31tZoM46t0L.jpg
"Mountain Falls Advanced Formula Nail Polish Remover Pads with 96% Acetone, for Natural Nails, 10 Count",B07S7G1WPT,AF7XNTURXVPO55T5EP4B4DVPQPPQ,https://m.media-amazon.com/images/I/41foMltePvL.jpg
Segbeauty empty bottle 290,B07TLMZL3T,AFKZESU3PTCQ2UVDBDSFVFTXBFNQ_2,https://m.media-amazon.com/images/I/31oTJurWykL.jpg
"Natural Solution Himalayan Pink Salt Body Scrub with Natural Honey,Ultra Hydrating and Exfoliating Scrub for Nourishing Essential Body Care - 12.3 oz",B076DGMQTM,AF2BLE54TEMGZ546U763ZHZRXC4A,https://m.media-amazon.com/images/I/417GsUwc1CL.jpg
"Natural Solution Himalayan Pink Salt Body Scrub with Organic Marula Essential Oil, Moisturizes and Nourishes Face & Skin - 12.3 Oz",B076DBLG1K,AG73BVBKUOH22USSFJA5ZWL7AKXA,https://m.media-amazon.com/images/I/412D3dgvpxL.jpg
"Embryolisse Eau de Beaute Rosamelis Face Toner, 6.76 Fl Oz",B00TK0VV68,AERGQ6U7YCR6JZ54FFKYPUM7PFDQ,https://m.media-amazon.com/images/I/31pb1b+HkWL.jpg
Teeth Whitening Powder Kit 2.1oz Activated Charcoal Toothpaste Powder Teeth Whitener Remove Coffee Wine Tobacco Stains Gum Health and Fresh Breath with Toothbrush & Tongue Cleaner,B07Q2G3FSY,AFSCJNRG4BAGAB37REW4XCDPE6XA,https://m.media-amazon.com/images/I/41l0jKflvwL.jpg
"C.O. Bigelow No. 007 Dr Hiosous Quince Hand Lotion, 4 Ounces",B07J2QZBTP,AFQQQ5LGNSQUEBGDCYBAZZE5T3DA,https://m.media-amazon.com/images/I/41PWWlKfQyL.jpg
"13.5 fl. Oz. Goat Milk Facial Cleanser, Moisturizing Face Wash for Women, Hydrating Natural Face Wash, Anti-aging Face Wash, Face Wash for Aging Ski",B07NPWK167,AFQQQ5LGNSQUEBGDCYBAZZE5T3DA,https://m.media-amazon.com/images/I/31QpoaFRuTL.jpg
"ABOUT ME MediAnswer Collagen Firming Up Mask 4ea (1box) 25g - 77% Pure Collagen Extract Anti-Aging Total Care Facial Mask Sheet, Powerful Hydrating and Anti-Wrinkle Night Skin Care",B07J1LYVHC,AFQQQ5LGNSQUEBGDCYBAZZE5T3DA,https://m.media-amazon.com/images/I/41kg3SuIDlL.jpg
"SAMYANG ABOUTME Red Recipe Super Cleansing Balm 3.04 oz. (90ml) - Soft Melting Milk Texture Makeup Cleansing Balm, Mineral Contained Nourishing & Soothing Cleansing, Rose Scented",B07PHWX88W,AHALZ7AKVAVL7QEVBCI55JVLGXOQ,https://m.media-amazon.com/images/I/41z6VmAAecL.jpg
"Face Lift Tapes for Instant Face, Neck and Eye Lift Kit Tape",B07VG2W8TT,AF2YKZQRMRGJ655I3MKQUYFGRQGA,https://m.media-amazon.com/images/I/410zXP-EAaL.jpg
"Livordo Moroccan Argan Oil Essential Organic Cold Pressed Skin Moisturizer Rich in Vitamin E Powerful Antioxidants For Skin, Hair, Body, and Face 4 Oz",B081632HX6,AFZGS7XLGLJFUSUWNX4XA6SGEZQA,https://m.media-amazon.com/images/I/419k6pad3iL.jpg
Straight 13x4 Lace Front Wigs Burgundy Lace Front Wigs Long Bob Synthetic Ombre Wine Red Wig Pre-plucked with Baby Hair Free Part Heat Resistant Synthetic Lace Wigs for Women 20 Inch,B07YYW1913,AEORT2SOUGKL76PYWWGS4SUL3OSA_1,https://m.media-amazon.com/images/I/41y6Fr9gJjL.jpg
9 Pack Headbands Set -Messen Fashion Velvet Wide Hairband with Pearl Knitted Floral Fabric Cute Elegant Vintage Cross Knot Turban Elastic Hair Hoop Headwrap for Women Girls Hair Accessories,B0837K9W6P,AFFVAEVXTKEZZ6RAOEXCLWSB4ABQ,https://m.media-amazon.com/images/I/5189JNZUUGL.jpg
"Pharmacopia Tangerine-Flavored Lip Balm - Set of 2, 0.25oz - Nourishing Herbal Lip Elixir with 100% Natural and Certified Organic Ingredients",B07Z3NRMBS,AFKZESU3PTCQ2UVDBDSFVFTXBFNQ_1,https://m.media-amazon.com/images/I/41dTRMUTXKL.jpg
"360 Lazy Susan Makeup Organizer, Rotating Bathroom Shelves Countertop Carousel Organizer Cosmetic Storage, Crystal Clear",B07X8W7GJZ,AFKZESU3PTCQ2UVDBDSFVFTXBFNQ_2,https://m.media-amazon.com/images/I/5174kWBsglL.jpg
"Kale Firm & Smooth Body Lotion - Superfood Infused Firming Body Lotion with Kale. 6.8 fl.oz, Anti-Aging Moisturizing Lotion For All Skin Types",B07SW7D6ZR,AHV6QCNBJNSGLATP56JAWJ3C4G2A,https://m.media-amazon.com/images/I/31JTx8roWoL.jpg
"Cancun Collection Cacao Body Bronzer – Superfood Infused Sunless Tanning Lotion with Cacao 5.1 fl.oz, For Instant Tan in 1 minute.",B07SV4HTMC,AH5ONINJRNZ674DXUMV4RMYIFYVQ,https://m.media-amazon.com/images/I/31vkVcpsCEL.jpg
JPNK 4PCS Anti-Static Detangling Fine & Wide Tooth Shower Comb Set,B081ZN3TD5,AESCUI6VXJSHLUIO44Y5ERAHZE4A,https://m.media-amazon.com/images/I/51k5fHmCzlL.jpg
Taya Beauty Inner Core Hair Strong Anti-Breakage Shampoo & Conditioner Duo - Strengthening and Repairing Formula - Free From Sulfates and Parabens - 8 fl oz Bottles,B07VGBBNTH,AGTW6ZGPUAORQ7X6CNBP6PJW7OTA,https://m.media-amazon.com/images/I/41eoeLnvIgL.jpg
Workman's Friend Ultimate Hand Care Bundle,B082VKPJV5,AHT6AM6BNIZUHFJB5V2M6XM72G7Q,https://m.media-amazon.com/images/I/51AsZiWjQYL.jpg
SERUM By MERLOT - RESVERATROL - NATURAL ANTI-AGING - DAMAGE CORRECTOR - BOOST COLLAGEN - 1 FL OZ. - DARK CIRCLE CORRECTOR -,B07WNBZQGT,AH5OTJDIHBG4SYLRYWKS7MR7NWUQ,https://m.media-amazon.com/images/I/31OSC0pB9TL.jpg
Gents of London Design Paste Matt Firm Hold Professional Hair Styling Wax (3 oz),B07ND4HPHT,AEXO6YBJHQZFPLVRQJI6VX7IJDNA,https://m.media-amazon.com/images/I/51DGfRmCTvL.jpg
"Cleancult Soap Dispenser with Pump, 12oz Frosted Glass Refillable Bottle with Non-Slip Grip, Pre filled with Natural Liquid Handsoap, Lavender Scent, Eco Friendly",B07Z4CVTRP,AFKZESU3PTCQ2UVDBDSFVFTXBFNQ_1,https://m.media-amazon.com/images/I/21hxTk0IKnL.jpg
"Charyeah Bath Pillow Bathtub Spa Pillow With Powerful Gripping Suctions, Comfortable and Soft 2-Panel Cushions for Head, Neck, Back and Shoulder Support,Fits Hot Tub, Jacuzzi, Spas",B082DXHTX8,AG4D44BNNLUEZNG7COK2CNRYUHYQ,https://m.media-amazon.com/images/I/21Pq3JdsB1L.jpg
"100pcs Premium Quality Hair Clips, 20 Glossy Colors Snap Hair Clips, 2 Inch Hair Barrettes with Perfect Grip, Durable Colorful Hair Clips with Smooth Edges for Kids, Girls, Women",B07XVNJFNF,AG3GU5MHHM662AATYNDWYOKOZP7A,https://m.media-amazon.com/images/I/51E1l3LzwhL.jpg
"Beast Blue Ultra Cooling Body Wash, 6 oz -Beast",B0844X21MJ,AGTW6ZGPUAORQ7X6CNBP6PJW7OTA,https://m.media-amazon.com/images/I/31MRs-mTtsL.jpg
12ML Refillable Perfume Atomizer Bottle for Travel Spray Scent Pump Case Pack of 5,B015A5DGG4,AHX2B4DEER2QR3IU3CCNB3CWC6TA,https://m.media-amazon.com/images/I/51C3gsQHheL.jpg
"Queendom Unlashed Mascara | Volumizing and Lengthening | Boosts Lash Length | Vegan, Cruelty Free, Paraben Free",B07RM722DH,AFQQQ5LGNSQUEBGDCYBAZZE5T3DA,https://m.media-amazon.com/images/I/4134Lud2tML.jpg
6 Pack Soft Headband BEoffer Coral Fleece Women Makeup Spa Head Bands Turban Fashion Bow Bowknot Hairlace Headwear Wash Face Hair Holder Elastic Top Knot Bandage Girl Baby Hair Accessories 6 Colors,B082NKQ4ZT,AEOTWG667CGEIHYH33COIX53Y25Q,https://m.media-amazon.com/images/I/414Hd2-AilL.jpg
"Color Me Cosmetics Gel Manicure Kit with LED Lamp - DIY Gel Nail Starter Set with Prep, Base and Top Coat, 2 Gel Polish Colors & Nail Tools - Beginner Nail Kit with Everything You Need Made in USA*",B0813ZQG3T,AGBG3KK74IKWJNQVMQAGVBWJ7FAQ,https://m.media-amazon.com/images/I/41iZDN+BQmL.jpg
"Coppertone Kids Clear Sunscreen Lotion SPF 50, Water Resistant Sunscreen for Kids, #1 Pediatrician Recommended Sunscreen Brand, Broad Spectrum Sunscreen SPF 50, 5 Fl Oz Tube",B084ZHP45Y,AGV5NQ4JDQD6NHXVF6AVZPVDX66Q,https://m.media-amazon.com/images/I/41SybDRzQUL.jpg
Strixaderm Lash Advance Eyelash Conditioner - Hypo Allergenic Eyebrow Enhancer Serum & Primer Mascara For Natural Eye Brow Growth & Thick Long Lashes,B07PCSRSND,AEZP6Z2C5AVQDZAJECQYZWQRNG3Q,https://m.media-amazon.com/images/I/21ln5pm7NtL.jpg
"BE PLAIN Vitamin Ampoule 1.01 fl oz. - Korean Multi Vitamin Serum for Face with Vitamin B, Vitamin C, Vitamin E, Hyaluronic Acid",B083TLNBJJ,AEZP6Z2C5AVQDZAJECQYZWQRNG3Q,https://m.media-amazon.com/images/I/51dAFC-jKKL.jpg
"Bioré J-Beauty Makeup Removing Moisturizing Cleansing Jelly, Top Japanese Makeup Remover, Gentle Skin Cleanser, Mild Floral Fragrance, Non-Greasy, 7.8 Ounce",B0914JBBTV,AF7XNTURXVPO55T5EP4B4DVPQPPQ,https://m.media-amazon.com/images/I/418v-RMRiCL.jpg
"Hair Scrunchies for women,Including 3 Pcs Long Silk Satin Hair Scarf & 3 Pcs Bunny Ear Scrunchies & 3 Pcs Elastic Hair Bands Scrunchy and 7Pcs Pearl Hair Clips,(16Pcs/9Colors)",B07VQR3W3Z,AEXYLV5YOYWSLGG47VVECVURA7XQ,https://m.media-amazon.com/images/I/517eW-cFvHS.jpg
"Nail Clipper Set, GIDIBII Luxury 18 in 1 Stainless Steel Nail Clipper Kit, Manicure Pedicure Care Tools with Portable Travel Case",B083J1Y349,AG4D44BNNLUEZNG7COK2CNRYUHYQ,https://m.media-amazon.com/images/I/51mbE+38jIL.jpg
"2-Pack Puretize 16.9 Oz Hand Sanitizing Gel w/Pump Tops - Extra Strength 70% Ethyl Alcohol - Moisturizing Formula with Aloe Vera, Vitamin E & Botanical Extracts - Quick Drying Formula",B087D7MVHB,AH5ONINJRNZ674DXUMV4RMYIFYVQ,https://m.media-amazon.com/images/I/41puEkUN5-L.jpg
"Aloe Vera Gel 100% Natural Moisturisers - Pure Organic Fresh Soothing Aloe-Vera Moisturizing Gel Skin Hair, Aloe Leaf Wash-free Clean After Sun Face Body (8.8 oz)",B086VYKNDF,AFWVN52MRBWOTIK7UGXBWGOY4HBA,https://m.media-amazon.com/images/I/51LsgyXngwL.jpg
MainBasics Headband with Buttons for Face Masks (Gray),B088FBNQXW,AHX2B4DEER2QR3IU3CCNB3CWC6TA,https://m.media-amazon.com/images/I/41ieGiDgASL.jpg
"Sam&Helen Magnetic Eyelashes With Eyeliner Kit, 5Pairs Magnetic Eyelashes And 2 Tubes Magnetic Eyeliners With Eyelash Applicator-No Glue Needed",B086JN17SK,AGV2YW5B3SCKG6WV422CIITZOGRQ,https://m.media-amazon.com/images/I/51NZXtoL4IL.jpg
Iryasa Night Indulge Cream - Natural Face Cream for Dry Skin - Vegan Anti Aging Night Cream for Women - Firming Cream for Face and Neck - Organic Vitamin C Moisturizer for Face - 1.7oz,B07W397QG4,AG73BVBKUOH22USSFJA5ZWL7AKXA,https://m.media-amazon.com/images/I/51wOKzxWheL.jpg
"Lesentia Tinted Moisturizer with SPF 31 – Tinted Moisturizer For Face With Spf and Blemish Concealer with All Natural Ingredients like Shea Butter, Jojoba Oil, Vitamin E and Zinc* (Medium - 2fl oz)",B0855L611L,AG4D44BNNLUEZNG7COK2CNRYUHYQ,https://m.media-amazon.com/images/I/314aRiGFUhL.jpg
RUGGED & DAPPER Active Regimen Grooming and Skincare Set for Men | Includes Body Wash Shampoo + Face Wash + Facial Moisturizer + Shaving Cream in a Travel Bag,B07JGD2T2J,AFNRGRORFAGSB7WGANETBDDYDEAQ,https://m.media-amazon.com/images/I/41KAhij5HrL.jpg
JARGOD 1pcs 100% Kolinsky Sable Acrylic Nails Round Nail Art Brush (size 4),B07ZJX5MNJ,AHX2B4DEER2QR3IU3CCNB3CWC6TA,https://m.media-amazon.com/images/I/31axSpQuGjL.jpg
Girzzur fashion headbands for women-(6 Pack) yoga running headbands for women nonslip of wide boho Face washing makeup cloth hair bands,B0885W8GCL,AGBG3KK74IKWJNQVMQAGVBWJ7FAQ,https://m.media-amazon.com/images/I/51I9dsRb5DL.jpg
lilah b. - Bronzed Beauty Bronzer Duo - b. sunkissed - Multipurpose Bronzer Duo to Highlight + Contour and Blend,B01EK2F1PC,AGV2YW5B3SCKG6WV422CIITZOGRQ,https://m.media-amazon.com/images/I/31wQX8h56aL.jpg
"Sdara Aloe Vera Gel For Face and Body - Organic & Natural, Soothing & Cooling For Sunburn Relief, Restorative For Dry Skin - Made In USA",B08879N2W3,AGNUU44ETNXLBOUB53LJGFJP3SQA,https://m.media-amazon.com/images/I/31e7lmwOCDL.jpg
"VILLAGE11FACTORY Cica Cream, Centella Soothing and Repairing Cream for Dry and Irritated Skin, Moisturizer, Anti-Wrinkles, Lightweight, Relieves Irritated Skin, Fragrance Free, Dermatologically Tested, 1.69 fl oz 50ml",B0859CYSTM,AESIZ3ATHVPMZM5NI6ZJOZBH547A,https://m.media-amazon.com/images/I/31DqywgS3vL.jpg
"NATWAG Reusable Update Makeup Remover Cloths for Sensitive Skin - Microfiber Face Cloth Makeup Remover | Washable Round Makeup Remover Pads | Natural Facial Towels (2 Pads,2 Cloth) (Purple)",B088LWRYJC,AEOTWG667CGEIHYH33COIX53Y25Q,https://m.media-amazon.com/images/I/51k5Di1cq2L.jpg
"Eternal Matte Lovers Collection – 3 Long Lasting, Fast Dry Colors and 1 Nail Treatment, Matte Top Coat – 13.5 Fluid Ounces Each",B07XQKH3RY,AGT5MCGUEPS76JCKY7FD7ZZWRNTQ,https://m.media-amazon.com/images/I/3153JPfi0OL.jpg
"The Henna Guys Hair Finishing Stick, Frizz Control Hair products, Broken Baby Hair Gel - Hair Wax Stick for Flyaway Hair - Faster & Quickest Solution for Neat Hair Styles (1 Pack)",B0842BXM5M,AEPEDW5FBBJ2XYR2BIJAKUPHCMHA,https://m.media-amazon.com/images/I/51XCk-W0leL.jpg
20 PCS Zoostliss Nail Polish Remover Clips,B086VK22QT,AEOTWG667CGEIHYH33COIX53Y25Q,https://m.media-amazon.com/images/I/41rsQ6Xa4sL.jpg
"Study Buddy Clay Mask with Detoxifying Bentonite, 3 fl. oz., Exfoliates, Brightens and Clears Pores, Clay Draws Out Impurities and Improves Skin's Texture and Tone by Higher Education Skincare",B07M9D3WYW,AF6QHJSY6N5MMHTC5L26QOTX6K3Q,https://m.media-amazon.com/images/I/310RjkaNQ0L.jpg
"No Brainer Gentle Facial Cleanser, 6 fl. oz, For Dry & Sensitive Skin, Leaves Skin Feeling Clean, Soft and Hydrated, Hydrolyzed Rice Protein & Amino Acids Restores Skin by Higher Education Skincare",B07ZQRX7FX,AGTW6ZGPUAORQ7X6CNBP6PJW7OTA,https://m.media-amazon.com/images/I/21RxBechYFL.jpg
"Grinding Away Skin Polishing Scrub, 3 fl. oz., Polishing Scrub Works to Improve Skin's Texture and Tone by Buffing Away Dead Skin Cells by Higher Education Skincare",B07MMW5654,AGTW6ZGPUAORQ7X6CNBP6PJW7OTA,https://m.media-amazon.com/images/I/314YLuu4dKL.jpg
"MBA Renewing Retinol Serum, 1.7 fl. oz, 0.5% Retinol Hydrates & Brightens Skin's Appearance by Diminishing the Look of Breakouts, Hyperpigmentation, and Signs of Aging by Higher Education Skincare",B07MN1KJ15,AEZP6Z2C5AVQDZAJECQYZWQRNG3Q,https://m.media-amazon.com/images/I/313js-PnSML.jpg
"Higher Education Skincare: Goal Digger - Silky Moisturizing Cucumber Creme; formulated for dry and sensitive skin; cucumber extract; natural extract: melon, kale, cabbage, ginger, turmeric - 1.7 fl oz",B07ZS3DKL5,AEZP6Z2C5AVQDZAJECQYZWQRNG3Q,https://m.media-amazon.com/images/I/31lGGn1vRmL.jpg
"Magnetic Eyelashes and Magnetic Eyeliner Kit, Magnetic Eyelashes with Eyeliner, 5 Pairs Reusable Magnetic Eyelashes with Tweezer, False Lashes",B087GD4BJ1,AGQIUTI7M4XUGCRV6E66FAOCX5PQ,https://m.media-amazon.com/images/I/41o1ZPlVTiL.jpg
"CESTLV Bamboo Charcoal Toothbrush + Toothpaste Kit (10 Pack Bulk), Hotel Amenities for Guest & Travel, BPA Free, Individually Boxed Dental Kits, Recyclable",B07DKRK8ZW,AGD25H7BIT2JUXSIOPYCYB23J3ZQ,https://m.media-amazon.com/images/I/51aqRtRKMCL.jpg
Purple Hair Mask for Blonde with Keratin & Jojoba Oil - Platinum & Silver Hair - Instantly Eliminate Brassiness & Yellows - Made in USA - Hair Toner - Bleached & Highlighted Hair - Sulfate Free - 8 oz,B089RLLT5C,AHUIIYUMY5OXQWRECL5JEK4AITBA,https://m.media-amazon.com/images/I/511NfEoTc4L.jpg
"Foot Peel Mask For Cracked Heels, Dead Skin & Calluses - Make Your Feet Baby Soft & Get a Smooth Skin, Removes & Repairs Rough Heels",B087Z9X39L,AHT6AM6BNIZUHFJB5V2M6XM72G7Q,https://m.media-amazon.com/images/I/51pUq3mF2lL.jpg
"Emilia Hypoallergenic Bath Oil for Babies - Paraben-Free Natural Baby Wash Enriched With Natural Oat Extract, Sunflower, Sweet Almond, Sesame, Calendula, and Chamomile 8.5 fl.oz.",B07FP2C8N8,AGV5NQ4JDQD6NHXVF6AVZPVDX66Q,https://m.media-amazon.com/images/I/31spKcCv71L.jpg
"6 Pack Spray Bottles,Empty Plastic Clear Small Transparent Travel Bottles Pump Bottle Lotion Dispenser Bottle Set,Refillable Liquid Containers 3oz and 2 oz",B08693T3XR,AGTW6ZGPUAORQ7X6CNBP6PJW7OTA,https://m.media-amazon.com/images/I/41-tfLnDYDL.jpg
"AUGNORYE 13 Pcs Hair Cutting Scissors Kit, Professional Hair Barber Scissors Kit with Thinning Shears, Home Hair Shears for Women, Men, Kids",B088X2WPTX,AENALXICBEUWDJG6U2GYCGEVM3OQ,https://m.media-amazon.com/images/I/51PbwXJghHL.jpg
"[the SAEM] Derma Plan Cleansing Bubble Pad 15pcs - One Step Gentle Makeup Cleansing Wipes Produce Fine & Dense Bubbles, Hypoallergenic Formula, Pore Clean, Mild Exfoliation",B0851C4YPC,AEZP6Z2C5AVQDZAJECQYZWQRNG3Q,https://m.media-amazon.com/images/I/41NmuDv4lmL.jpg
"Organic Bamboo Cotton Ear Swabs by Bali Boo - 200 - Natural Wooden Qtips Cotton Swabs for Cleaning Ears, Baby or Makeup and Nails - Sustainable & Vegan Buds Sticks - Eco Friendly & Biodegradable",B07KG1TWP5,AFZGS7XLGLJFUSUWNX4XA6SGEZQA,https://m.media-amazon.com/images/I/41AqN-GLvTL.jpg
"1800 Watt Hair Dryer with Diffuser Hot and Cool Settings 2 Speed Adjustable Negative Ionic Hair Blow Dryer 2 Smoothing Concentrators and 1 Hair Scalp Massager Shampoo Brush for Curly Hair,Woman,Kids",B082VYX7G8,AG73BVBKUOH22USSFJA5ZWL7AKXA,https://m.media-amazon.com/images/I/41-M07k5SvL.jpg
"4D Silk Fiber Lash Mascara Black, Waterproof Natural Thick Fiber Mascara, Thick Thickening Lengthening, Dramatic Extension Voluminous Eyelashes Mascara, No Clumping, No Smudging Lasting All Day",B086SSHLWT,AF7XNTURXVPO55T5EP4B4DVPQPPQ,https://m.media-amazon.com/images/I/51cpeim+l0L.jpg
"Natwag Makeup Remover Pads,18 Pack 3.74 Inch Reusable Microfiber Cleansing Pad with Laundry Bag Suitable for All Skin Types,3 Color Facial Cleansing Pad Set.",B087F14JSH,AGLGCQJ6R7DK2HOZRYGHMQ7D6BTA,https://m.media-amazon.com/images/I/51udutd3mpL.jpg
"4D Silk Fiber Lash Mascara Black, Natural Waterproof Mascara Extra Long Lash,Thick Thickening and Lengthening, No Clumping, No Smudging, Lasting Voluminous Eyelashes Dramatic Extension Mascara",B086ST4W1C,AGOLMT3QETKYNESRYKBA6D7XXS7A,https://m.media-amazon.com/images/I/51d5N9zuaTL.jpg
"DeepDream Portable Electric Nail Drill - Professional Efile Nail Drill Kit For Acrylic, Gel Nails, Manicure Pedicure Polishing Shape Tools with 11Pcs Nail Drill Bits and 36 Sanding Bands",B088NVJSJT,AEODUUL6REW3PW2ZGFREKGWBYUZA,https://m.media-amazon.com/images/I/41PJLLUW9xL.jpg
"JDO Eyelash Curler and 4D Silk Fiber Lash Mascara Value Set-Lash Curler with Refill Pads for No Pinching or Pulling, Mascara Natural Thickening- Long Lasting Waterproof & Smudge-Proof",B08C24Q6LB,AH7LDXK3GT67FZKMRW7MP477DJVQ,https://m.media-amazon.com/images/I/51jhPPdeZNL.jpg
Argan Magic 100% Pure Argan Oil – Moisturizing Oil that Infuses Skin with Enriched Hydration | Leaves Skin Restored & Refreshed | Non-Greasy | Rich in Vitamin E | Made in USA | Cruelty Free (2 oz),B00O2FGBJS,AEZP6Z2C5AVQDZAJECQYZWQRNG3Q,https://m.media-amazon.com/images/I/31ZtHCNL+mL.jpg
"Shakira Perfumes - Dance for Women - Long Lasting - Femenine, Charming and Modern Perfume - Fruity Floral Notes - Ideal for Day Wear - 1.7 Fl Oz",B0BTJ6SYKB,AFGGRGHGHSFKMZASFBYFRHBBEOPA,https://m.media-amazon.com/images/I/31Z30jOWshL.jpg
[Abib] Creme coating mask Tone-up solution 17g (5pcs),B08575Y9V3,AFQQQ5LGNSQUEBGDCYBAZZE5T3DA,https://m.media-amazon.com/images/I/317PPYcm-YL.jpg
Red Carpet Manicure Starter Kits,B0BC273JJR,AEODUUL6REW3PW2ZGFREKGWBYUZA,https://m.media-amazon.com/images/I/21hMuqglNoL.jpg
"Wonder4 Electric Callus Remover - Rechargeable Electric Foot File Callus Shaver Hard Skin Remover Pedicure Tools with 3 in 1 Roller Heads, for Cracked Heels Calluses and Dead Skin",B08BRS98SF,AEODUUL6REW3PW2ZGFREKGWBYUZA,https://m.media-amazon.com/images/I/410urIbyp6L.jpg
"Poly Nail Gel Kit, 7 Colors Nail Extension Gel with UV Lamp, Poly Extension Decoration Kit, Base Top Coat Set with Rhinestone, Nail Molds, Nail Art Gel Kits for Home DIY Manicure, Blue Nude Series",B087GB8ZRF,AFFGJTTHRCSKGMMCNHT7UWTMKKCQ,https://m.media-amazon.com/images/I/51eZhnMmfRL.jpg
"Gel UV Nail Lamp, AsperX 150W LED Nail Dryer Gel Nail Polish Light Curing Lamp Kit Smart Auto-sensing with 10/30/60/99s Timer",B085ZRVDKP,AGQVYRFKX6G5VO65RHQ7UZKGSTKQ,https://m.media-amazon.com/images/I/412-IbzR3CL.jpg
"3D Mink Eyelashes Natural Long Lashes 2 in 1 Self-adhesive Eyeliner Instead of Adhesive 5 Different Styles Pairs Kits Sets with Tweezers , NO NEED GLUE",B086GST51S,AFLI33M7ADMQ2B3DSIJLODWUHTAA,https://m.media-amazon.com/images/I/41BenRSUIuL.jpg
"Poly Nail Gel Kit, 7 Colors Nail Extension Gel with UV Lamp, Poly Extension Decoration Kit, Base Top Coat Set with Rhinestone, Nail Molds, Complete Nail Art Gel Kits for DIY Manicure, Pink Nude Series",B087G54FLM,AHEJQ4CPSHAQNTHL4BCVCAPZ7YWA,https://m.media-amazon.com/images/I/51Q+TEqcHZL.jpg
"MUSE & Co Dazzling Rhinestone Stick On Nails, White Nails with Glitter Nails and Rhinestones ""French Sparkle"", Luxurious Elegant Nails, Squoval Medium Length Nails Press On Nails for Women and Girls Fake Nail Set 36pcs",B088M5P8FN,AFSYEOBTC3ULN3DGKABPFR6FIWQQ,https://m.media-amazon.com/images/I/41WPZShjS9L.jpg
"lorelo 20 pieces Hair Curlers, Hair Rollers Spiral Curls Styling Kit No Heat Hair Curlers with Styling Hooks for Girls Woman",B087FTZSZH,AFLKX7ZNVK2DN6LG3EAP6ZNYUFHA,https://m.media-amazon.com/images/I/513H54TUGtL.jpg
"lorelo 4 Pieces Nail Dotting Pen, Dual-ended Nail Dotting Pen Liner Brush Nail Art Point Drill Drawing Tools Set Nail Art DIY Decoration Tool",B085RQKWNF,AGNUU44ETNXLBOUB53LJGFJP3SQA,https://m.media-amazon.com/images/I/31Sbf4SXseL.jpg
"5pcs Nail Art Liner Brushes, Lystaii Dual-ended Painting Nail Design Brush Pen Include Liner Brushes and Dotting Pen Nail Art Point Drill Drawing Brush Double Ended Dotting Tools Set 5,7,9,11,14mm",B08B3SJNL5,AGNUU44ETNXLBOUB53LJGFJP3SQA,https://m.media-amazon.com/images/I/41c2bcpb8iL.jpg
Caudalie Favorites Set,B085NYYLQ8,AGYVC7KVHP2AWM7BDCEYNHFA6F3Q,https://m.media-amazon.com/images/I/41ueEISd04L.jpg
Magic Wand Makeup Brushes Set - 5pcs Wizard Wand Makeup Brushes Foundation Blending Blush Eyeshadow Face Lip Powder Brush Beauty Tools (New-Bronze),B07YG4PRTN,AFKZESU3PTCQ2UVDBDSFVFTXBFNQ_1,https://m.media-amazon.com/images/I/51QaidJJl6L.jpg
"Leuxe Facial Cleansing Brush, IPX6 Waterproof Rotating Face Brush for Deep Cleansing, 3 Modes and Smart Timer",B088GMVYQX,AEZY3WQ5CO4DOXRNJOWWXJYKCAXQ,https://m.media-amazon.com/images/I/41+29my0bsL.jpg
"10 Pack Wide Headbands, 4 Style knot Turban Hairband Vintage Head wrap Hair Band Elastic Hair Accessories",B089QR2Y5B,AH3POWPCN3JIW3IUL6H24L536NQQ,https://m.media-amazon.com/images/I/51P638Sl9EL.jpg
"BJÖRN HALL Nurse Headband with Buttons for Face Mask | Elastic Swimsuit Material, Smooth & Stretchy | Ear Saver Headband with Buttons | Perfect for Nurses, Doctors & Medical Students",B086YBQ8M7,AHX2B4DEER2QR3IU3CCNB3CWC6TA,https://m.media-amazon.com/images/I/51UKU35T0VL.jpg
SELF/ish Men's Face Scrub | Exfoliating Facial Cleanser | Deep Cleansing | Effective Shave Prep & Beard Exfoliator for Men | Natural Ingredients | 3.4fl oz,B08BFH35VX,AFPPNF3RSFMMNC5UAM6V4B475MBQ,https://m.media-amazon.com/images/I/314uwlw9NoL.jpg
"Bath Pillow for Bathtub, Spa Pillows for Neck Head Shoulders Back Support, Thick Bath Tub Cushion with 6 Suction Cups Men Women Breathable Comfort 4D Air Mesh Quick Dry Headrest Bath Accessories",B088ZVSLYP,AHY2TURQPNIDXZGH2CMQLZ343YMQ,https://m.media-amazon.com/images/I/41JR5DxFDnL.jpg
Mini Rubber Bands Soft Elastic Bands for Kids Hair Non-slip Rubber Hair Bands Soft Hair Elastics Ties Bands Braids Hair for Girls - STRONG - REUSEABLE (Colorful1000+Black1000),B089KBMST6,AFNRGRORFAGSB7WGANETBDDYDEAQ,https://m.media-amazon.com/images/I/51nb1pUNwRL.jpg
"C'est Moi Gentle Cleansing Water | Gentle, Fragrance-Free Cleanser Removes Makeup and Refreshes Skin, Made with Cornflower Water, Aloe Vera, and Strawberry, Kiwi, and Apple Extracts | 5.9 fl oz.",B086VRRD99,AGXMWJK3YL4SV5FJ27JEJZPZHRBA,https://m.media-amazon.com/images/I/31W8L-vFNDL.jpg
"EMMOR Long Ombre Brown Wig for Women - 23 Inch Natural Synthetic Straight Hair Middle Part With Air Bang Wigs Dark Root, Party Cosplay Daily Use",B085MCMZLX,AECADZLPUNH3BDNACLFF7PSHN5MQ,https://m.media-amazon.com/images/I/51G-++t+PJL.jpg
COSYMAY 20 inch Human Hair Wig for Women Long Black Wig with Bangs 4x4 Lace Closure Straight Wig Brazilian Virgin Hair Full Wig Average Size 1B,B083122WRC,AHT556AWAYQIXS3RB57QNRQLBARQ,https://m.media-amazon.com/images/I/41BJbopTvQL.jpg
BFWood,B08BY9P4HR,AEHWKRPNWNMOAJSMO2F6O7RFRTNA,https://m.media-amazon.com/images/I/51SLRz8MIVL.jpg
"Qiray Hair Ties Hair Accessories Set For Girls and Women,Large Retractable Cotton,18 Colors 36 Pieces.",B07YL4485K,AESI2BA4YODTHOSRFLJCSTAM6XDQ,https://m.media-amazon.com/images/I/41WfhAwtNOL.jpg
"Qiray Hair Ties For Women Coil Hair Ties,Large Lace Phnom Penh,5 Colors 10 Pieces.",B081D2R47W,AHPOHKN4PU4W3V5PGFL7AGTAD2AA,https://m.media-amazon.com/images/I/41bym1x3V8L.jpg
Untangled Fine Tooth Pin Tail Parting Comb - For Difficult Styling and Hair Extensions,B088TYPM71,AGWF6BTLJVQQ2N2R5PKNJOLY65GQ,https://m.media-amazon.com/images/I/41sfrM+ckrL.jpg
"Face and Body Paint Kit By Color Technik 24 Professional Oil Based Flash Colors, 2 Sets of 12 Color Palettes, 6 Paint Brushes 70 Stencils 2 Sponges Non-Toxic For Adults & Kids Halloween Painting Party",B07Z548TKH,AGZZXSMMS4WRHHJRBUJZI4FZDHKQ,https://m.media-amazon.com/images/I/51j5o-AVgBL.jpg
"Dr. Denese SkinScience Essential Lipid Anti Aging Power Infusion Dry Oil - Skin Nutrients 97% Organic 100% Natural - Rejuvinating Blend with Amaranth & Resveratrol - Paraben-Free, Cruelty-Free - 2oz",B07DFNPVSF,AG73BVBKUOH22USSFJA5ZWL7AKXA,https://m.media-amazon.com/images/I/41S6MFYWOoL.jpg
"LANGE HAIR Extendé Conditioning Detangler Hair Spray - Paraben Free Leave-in Conditioner Spray, Detangles and Hydrates Hair, Moisture & Shine | 4OZ",B07THLR7RR,AGFBEZSOTMPM4M4CHRW3QPDAHJUQ,https://m.media-amazon.com/images/I/21LsNqX+06L.jpg
"MD Complete Bright & Healthy Vitamin C+ Vitalizing Face Serum| with Vitamin C, Vitamin E and Herbal Extracts | Potent Antioxidant Protection, Nourishes, Brightens and Evens Skin 0.5 fl oz",B08BZ1RHPS,AGLIUT3VWAE7UEZHWVHNLDTBOAEQ,https://m.media-amazon.com/images/I/31mMsNI-nlL.jpg
"Bath Bombs, SAZEN Bath Bomb with Natural & Organic Essential Oils, Shea Coconut Butter for Skin Moisturize, Bubble Spa Bath, Birthday Mothers Day Christmas Handmade Gift Set for Women Kids Her Him",B089R7S73D,AHY2TURQPNIDXZGH2CMQLZ343YMQ,https://m.media-amazon.com/images/I/51Ua6JMeR-L.jpg
"obmwang 10 Pieces Metal Headband for Women's Hair, Hair Hoop Spring Wavy Hair Band Non-Slip Headwear Hair Accessories for Women Girls Men (Multicolor)",B08D6PPL42,AEYVPPWR4CIKWX4BGYKCBCDL2CZQ,https://m.media-amazon.com/images/I/51aNBhTI69L.jpg
Biutee Starry Sky Nail Gel Firework Nail Gel With black Nail Polish Gel 8ml UV LED,B086W18W1W,AG73BVBKUOH22USSFJA5ZWL7AKXA,https://m.media-amazon.com/images/I/51nWAeEuArL.jpg
"Amtidy Women's Rhinestone Crown Tiara, Bridal Wedding Dance Party Birthday Party Women's Headband Tiara, Queen Tiara With Comb（Silver）",B08BYK8SKR,AHUIIYUMY5OXQWRECL5JEK4AITBA,https://m.media-amazon.com/images/I/51VnL7KtbXL.jpg
"KISSIO Eyeshadow Set Of 9 Colors, Practical Colors, Pigmentation, Long-Lasting, Rotating Design, CHINA Style, Good Gift",B08F7877DC,AGN5KJZU3FYSKVWXWM66LXYWL5CQ,https://m.media-amazon.com/images/I/51HBT-XYI5L.jpg
"Amtidy Solid Color Vintage Modern Style Elastic Women's Rhinestone Crown Tiara, Bridal Wedding Dance Party Birthday Party Women's Headband Tiara, Queen Tiara With Comb（Silver）",B08BYKQS9S,AHLZVZPQ5TWJ6KXNLADJBDZAT7EA,https://m.media-amazon.com/images/I/51VnL7KtbXL.jpg
"Empty Brown Glass Spray Bottles2-Pack, Refillable 16 oz Containers for Essential Oils, Cleaning Products, Aromatherapy, Misting Plants, or Cooking - Reliable Sprayer with Mist and Stream Settings",B089CSF11Y,AEGKJTQWHGBIOTO34OB3GKIGCN7A,https://m.media-amazon.com/images/I/41gYFHrqp2L.jpg
Glass Nail File - JORLAI 2PC Nano Nail Shiner Nail Files Polisher Glass Nail Buffers Professional Crystal Manicure Tools Kit for Natural Nails,B088TGQFNM,AHX2B4DEER2QR3IU3CCNB3CWC6TA,https://m.media-amazon.com/images/I/41LVDuBjK2L.jpg
Biutee Poly Nail Gel Kit 15ml 0.53oz Pink Nail Extension Gel Builder Gel Long Lasting Nail Salon Nail Art Design DIY at Home Beginner Friendly…,B085QDWHQJ,AEODUUL6REW3PW2ZGFREKGWBYUZA,https://m.media-amazon.com/images/I/4180yYsk+7L.jpg
"STYLEAGAL Portable Electric Nail Drill, Manicure Pedicure Drill Kit Professional nail starter kit for beginners acrylic with drill（2020 Upgraded）",B0888CX245,AFUWF5DARSSBPDLHSY67Q3LCI54Q,https://m.media-amazon.com/images/I/41b7JTjzo8L.jpg
"Maya Mari Hydrating Argan Oil Shampoo – Rich in Nutrients, Restores Moisture & Shine, 32 oz",B087ZQK2G8,AG4D44BNNLUEZNG7COK2CNRYUHYQ,https://m.media-amazon.com/images/I/41e7Fvmb1qL.jpg
"2020 UPGRADED Exfoliating Loofah Sponge Pads, Natural Luffa Material Loofah Pads Shower Body Scruber for Men/Women Bath Spa and Shower (3 Pack)",B08B5FJMHM,AHY2TURQPNIDXZGH2CMQLZ343YMQ,https://m.media-amazon.com/images/I/510lo90bmQL.jpg
"35.4 Inch Extra Long Silicone Back Scrubber for Shower, 2021 Updated Lengthen Back Scrubber Brush for Men and Women, Exfoliating Back Washer with Wall Hooks, Easy Clean, Comfortable Massage (Green 27.5in)",B08FD2KP9R,AHPGHDFIU3BUB3RQBP56RQQA7W4Q,https://m.media-amazon.com/images/I/41vWD6FKBZL.jpg
"NEW Challenger Men's Rinse Free Hand Wash - 1oz - Portable, 30% Alcohol Hand Wash both Cleans & Moisturizes. Hydrates Hands, Forearms, & Skin - Cleansing 30% Alc. Based Formula Washes and Nourishes",B087J3H22J,AESI2BA4YODTHOSRFLJCSTAM6XDQ,https://m.media-amazon.com/images/I/41ZEFWZ0mKL.jpg
"Nail Files 16 Pcs, Double Sided Emery Board Manicure Tools for Filing Natural Gel and Acrylic Nails for Home and Salon Use",B08C72C56Z,AFXF3EGQTQDXMRLDWFU7UBFQZB7Q,https://m.media-amazon.com/images/I/51JUeEdZp8L.jpg
"RAREKIND Fade Matte Lipstick by Amorepacific - 10 Colors, Cruelty-Free Nourishing Lip Stick, Velvety-smooth, Long-Lasting Moisturizing Lipstick - 3.2g Maple Road",B08BY91SGT,AGRO3UTLKTF724ZW64QXGWXJ4SYA,https://m.media-amazon.com/images/I/417owFyAf8L.jpg
"Pretty Frank Natural Deodorant Jar- No Aluminum Deodorant for Women, Men, Teens, & Kids – Paraben Sulfate Free Cream Deodorant with Shea Butter, Coconut Oil, Vitamin E & Baking Soda (Jasmine)",B086MN4SRX,AEYVPPWR4CIKWX4BGYKCBCDL2CZQ,https://m.media-amazon.com/images/I/31ICEUJ4OYL.jpg
"Pumice Stone for Feet, 2 in 1 Double Sided Hard Skin Callus Remover for Feet,Hands and Body, Exfoliator Pedicure File Block Callus Remover Scrubber (Pack of 4)",B0881MBQQF,AFSYEOBTC3ULN3DGKABPFR6FIWQQ,https://m.media-amazon.com/images/I/41RgDg38S2L.jpg
AMAJULIE Non Slip Flexible Silicon Wigs Fix Strong Hold Comfort Silicone Lace Wig Grip Transparent Headband Hair Band Adjustable for Lace Wigs (Light Brown),B08BXVJMRY,AETJVSLQFY2F7D5AZ7H4ONORPQEQ_1,https://m.media-amazon.com/images/I/51eDcuWu4iL.jpg
3D Mask Bracket - Internal Support Holder Frame Nose Breathing Smoothly- Lipstick Protection Cool Mask Bracket - DIY Face Mask Accessories - 5Pcs (L-Adult),B08FBHNBP1,AH3POWPCN3JIW3IUL6H24L536NQQ,https://m.media-amazon.com/images/I/41zP3WSEd-L.jpg
"Cutting Scissors Set 10 Pcs Professional Hairdressing Scissors Kit, Hair Cutting Scissors, Thinning Shears, Hair Razor Comb, Clips, Cape, Shears Kit for Home, Salon, Barber",B088PYN4VM,AECADZLPUNH3BDNACLFF7PSHN5MQ,https://m.media-amazon.com/images/I/41CYF1siPIL.jpg
"Karuna Oh, Glow On Face Mask Sheet, Skincare and Beauty Facial Masks with Moisturizing and Collagen Promotion Properties for Healthy Glow, Contain Green Tea, Vitamin C and Pineapple (3 Sheets)",B08BS3WDPJ,AERGQ6U7YCR6JZ54FFKYPUM7PFDQ,https://m.media-amazon.com/images/I/3147j0eN1VL.jpg
"Mr. Pristine Organic Beard Conditioner to Grow, Thicken, Moisturize and Protect Your Beard, 8.5 oz.",B085J354CL,AHF2R43HMV6S2J42LN6NLQTRBLJA,https://m.media-amazon.com/images/I/41StTVZQMUL.jpg
YsesoAi 28 Pcs Hair Curlers Spiral Curls No Heat Wave Hair Curlers Styling Kit Spiral Hair Curlers Magic Hair Rollers with 2 Pieces Styling Hooks for Most Kinds of Hairstyles (20 cm/ 7.8 inches),B08BLKFGND,AFGCJIO7DNVCCZPG4KVMKKXVPJLQ,https://m.media-amazon.com/images/I/51X2jX3FCiL.jpg
"Follain Mattifying Moisturizer: Oil Control | Hydrating, Daily Facial Lotion, Oil-Free, Smooth Fine Lines, Supports Anti-Aging, Oil Control, Combination to Oily Skin, Peptide Complex, Cruelty Free, 1.7 fl oz",B08CL46XNM,AEJU3Z6HDAERETMYI2CXBQVPPDFA,https://m.media-amazon.com/images/I/41MDkYLsz3S.jpg
"GIOVANNI Hemp Hydrating Hair Shine Spray, 4.3 oz. - Hemp Seed Oil, Aloe Vera, Frankincense Helps Stimulate Moisturize & Revitalize Damaged Hair, No Parabens, Color Safe, Lauryl & Laureth Sulfate Free",B08WCG4JCC,AHT6AM6BNIZUHFJB5V2M6XM72G7Q,https://m.media-amazon.com/images/I/31zMWSwYbxL.jpg
2PCS Hair Clips Hairpin Headwear Styling Tools Double Layer Twist Plait Tools Hairstyle Hair Twister Clip Multi-Layer Hollow Woven Double Bangs for Knitting Hair,B08GC5GSNG,AGOLMT3QETKYNESRYKBA6D7XXS7A,https://m.media-amazon.com/images/I/41PTiCMRUdL.jpg
Taya Beauty Buriti Nut Intensive Repair Shampoo & Conditioner Duo – Organic Hydrating Shampoo and Conditioner for Dry Damaged Hair - Restorative Hair Care – Travel Size 2 fl oz,B086XH7BWW,AHY2TURQPNIDXZGH2CMQLZ343YMQ,https://m.media-amazon.com/images/I/41tMiWAhVCL.jpg
Acrylic Nail Powder Set Vcedas 24 Colors Acrylic Nail Art Tips UV Gel Carving Powder Dust Design Decoration 3D Manicure,B08DRBZNZJ,AEGTJSI4X2EZHAL5VWJV3RCJIO4A,https://m.media-amazon.com/images/I/41wH8QRuDNL.jpg
Jumbo Braiding Hair Extensions 24 Inch 6 Packs Ombre Synthetic Hair Crochet Braids Kanekalon Long Jumbo Braids For Box Braid Twist Crochet Hair (Black/Dark Brown/Light Brown),B08DKFV9SR,AF2YKZQRMRGJ655I3MKQUYFGRQGA,https://m.media-amazon.com/images/I/51ShI4ZmBpL.jpg
"Easydew Daily Double Hydra Cream 2.02 fl oz - Moisturizing Cream with EGF & Serine of NMFHydrating, Soothing, Anti-Aging EGF, Serine - N.M.F(Natural Moisturizing Factors) for Oily, Sensitive, Acne-Prone, Dry Skin Types",B088GWCVVJ,AERGQ6U7YCR6JZ54FFKYPUM7PFDQ,https://m.media-amazon.com/images/I/314PVMaNrSL.jpg
"Zeitun Natural Anti Cellulite Body Scrub - Organic Coffee Body Scrub Exfoliator With Robusta & Dead Sea Salt - Cinnamon, Ginger And Moisturizing Oils, 7 oz",B07D5FBFQ4,AEXO6YBJHQZFPLVRQJI6VX7IJDNA,https://m.media-amazon.com/images/I/512oHosTBuL.jpg
"Hemp Lotion for Dry Skin - Soothing Rose Flower & Aloe Hydrate Your Complexion - Non-Greasy, Vegan, 7Oz, 250Mg Hemp, Fragrance & Paraben Free - Guayaquil By La La Leaf",B08BB3P4VQ,AHGQDSOBAIVAAKJFIVEGS344MSXA,https://m.media-amazon.com/images/I/51kmHWuraaL.jpg
"1513 by LA LA LEAF - All Natural Facial Cream, 750mg Quick Absorbing Hemp Moisturizer with Rosehip, Carrot Seed and Provitamin B5 - Smooths Wrinkles for Firm Glowing Skin - Paraben-free, Cruelty-free, Vegan",B08C37KWRR,AG73BVBKUOH22USSFJA5ZWL7AKXA,https://m.media-amazon.com/images/I/31FbqPookpL.jpg
24 Inches Synthetic Long Curly Blonde Wig Natural Wavy Hair NONE Lace Heat Resistant Wigs for Women Cosplay Costume,B07VHZDHR6,AECTRGMRKOGAYIV3YXX73CQEQCSQ,https://m.media-amazon.com/images/I/51Xy4QQ-nbL.jpg
20pcs Nail Tips Clips for Quick Building Polygel Nail Forms Nail Tips Clip for Finger Nail Extension DIY Manicure Nail Art Tool,B088LPYXNQ,AEMP3A7IKW37CMWFXNKXWW6HGJHA_1,https://m.media-amazon.com/images/I/51FNeXfbBbL.jpg
"Travel Friendly Face Cleanser, Quick Cleansing Dry Tissue 20 Packs - Dry Facial Wipes Makeup Remover Travel Size, Exfoliating Wipes For Face",B083BGJ4P9,AF2BLE54TEMGZ546U763ZHZRXC4A,https://m.media-amazon.com/images/I/41WG+VMDDUL.jpg
"Laloirelle Luminous Face Oil - Organic Pomegranate Oil, Cacao Oil Infused W/Brightening White Peony Root, Marigold Flower, Lotus Leaf - Glowing Skin That Feels Hydrated, Plump and Firm - 1.0 fl oz",B08DXLRTSB,AH5HSMUMRJRDWBPFDQ6G3EAAOSFQ,https://m.media-amazon.com/images/I/31nNP3gT2yL.jpg
"Laloirelle Deep Hydration Face Oil - Nourishing Helichrysum Oil, Avocado Oil Infused With Red Ginseng, Shitake Mushroom, Elderflower - Unparalleled For Moisturizing Very Dry, Dull or Aging Skin - 1.0 fl oz",B08DXZ5VXB,AG73BVBKUOH22USSFJA5ZWL7AKXA,https://m.media-amazon.com/images/I/31bxutoDiDL.jpg
"36 Pack 2oz Clear Plastic Empty Bottles Travel Containers with Flip Cap for Hand Sanitizer, Cosmetic, Shampoo, Lotion, Liquid Body Soap, Cream, Toner, BPA-free",B08343FS9P,AH7LDXK3GT67FZKMRW7MP477DJVQ,https://m.media-amazon.com/images/I/41I9EVgbIfL.jpg
"Gel Nail Polish Set, Holiday Red Black 6 Colors Gel Polish Kit Popular Nail Art Design Soak Off LED Lamp Nail Polish Gel Manicure Kit Gifts Set for Girls Women Professional DIY Home Use",B0876VC4KM,AHO7CJSLW22GMWPFB35V3L4OFUYQ,https://m.media-amazon.com/images/I/51+J8j6Xi8L.jpg
"Panama Jack Sunscreen Lip Balm - SPF 45, Tropical & Mango 6 Pack Plus, Broad Spectrum UVA-UVB Sunscreen Protection, Prevents & Soothes Dry, Chapped Lips",B08G5YVHQP,AFPPNF3RSFMMNC5UAM6V4B475MBQ,https://m.media-amazon.com/images/I/51wV9FMjsZS.jpg
Wiwoseo Faux Mink Lashes False Eyelashes Dramatic 20MM Long Wispy Cat Eyes Look Lashes 20 Pairs Mixed 2 Styles Fake Eye Lashes Wholesale Pack,B08HCMNLKD,AE3LUVAAITFJIUTWBMRPHDQOCOFQ,https://m.media-amazon.com/images/I/51LQHMc65IL.jpg
Gentlehomme Face Moisturizer For Men - Mens Facial Lotion with Neroli Essential Oil Scent - Collagen & Stem Cells - Daily Anti-Aging Moisturizer for Dry & Oily Skin - 4 oz,B0851QJPZY,AEH7RAIDBU7QALXTMWAA73PTL4JA,https://m.media-amazon.com/images/I/41xpZT3ej6L.jpg
Glitter Poly Nail Gel Extensions Builder Gel UV/LED Soak Off Acrylic Fashion Gel Polish Set for Nails Beginner DIY Nail Art at Home 8 colors-15g (Pink series),B08DHZW3LK,AGROTY3KEQXC7OWGNLDMPTDPJXHA,https://m.media-amazon.com/images/I/51F8IBHbRYL.jpg
Bouquet Garni Body Shower White Musk - Unique Fragrance Decanting Engineering Method gives Long Lasting Rich Fragrance - Gentle and Mild Cleansing Scented Body Wash with Natural Surfactant 17.85 Fl Oz,B08YJV9YL2,AFB7QGOJXRTRRZ3SDOSIRCR66UQQ,https://m.media-amazon.com/images/I/41Fg7XITx6L.jpg
"Facial Skincare,Cucumber Essence Hydrating Moisturizing Revitalizing Hydration Fruit Extract Deep Cleaning Facial Skincare Sheet for All Skin Type Care, 35ml/1.18oz, Pack of 5",B08GJJ5RV9,AGADKXWLAJJ4FGWIDIWAPJL5A6HA,https://m.media-amazon.com/images/I/41M7XB2UmGL.jpg
Kneipp Shower Foam Goodbye Stress Water Mint & Rosemary 6.81 Oz,B08KGVBW41,AG73BVBKUOH22USSFJA5ZWL7AKXA,https://m.media-amazon.com/images/I/319n9m61QHL.jpg
"Revitalizing N.M.F Intensive Hydrating Serum that treats Dull, Tired, Dry and Sensitive Skin from Manilla Natural Skincare",B081MQD52C,AGNUU44ETNXLBOUB53LJGFJP3SQA,https://m.media-amazon.com/images/I/414Q8zGd2bL.jpg
"MAD | Cosmetic's Makeup Remover Cleansing Towelettes, Daily cleansing face wipes to remove waterproof mascara, alcohol free , with Vitamin E 25 count",B0851T7HDS,AEMP3A7IKW37CMWFXNKXWW6HGJHA_1,https://m.media-amazon.com/images/I/41uYRaQKUbL.jpg
"COSMOCOS FromNature Perfect Cover BB Cream - Light Beighe/Natural Beige SPF 50+ / PA+++ Sun Protection, Natural Skin Tone, High Coverage Korean Cosmetic K Beauty - 50g (1.76 fl oz) (Light Beige)",B08DXCVRNY,AGPGFFJDCKXPNBWCC5YP2ZUDPNGA,https://m.media-amazon.com/images/I/01RmK+J4pJL.gif
EASYDEW Fill Up Volume Spot 0.67 fl oz -Anti-Aging Filler Spot Good for Topical Wrinkle Care with Hyaluronic Acid I Moisturizer with Instant Filling Effect and Skin Renewal | For Topical Area,B07VDCD17L,AERGQ6U7YCR6JZ54FFKYPUM7PFDQ,https://m.media-amazon.com/images/I/31tRHX9JXHL.jpg
"7pcs Pearl Hair Clips Large Hair Clips Pins Barrette Ties Hair Headwear Barrette for Party Wedding Daily, Gift for Girls and Women",B07T6821GV,AF6RTFII4XB2EGU2C3SYBIRGG4VQ,https://m.media-amazon.com/images/I/41gFiYkKfsL.jpg
"6 Pack Portable travel bottles-30ml Flip Cap Reusable Bottles Keychain Carriers for Travel Outdoor Camping Supplies, Metal Buckle Include, Set of 6",B08G83G24X,AHGQDSOBAIVAAKJFIVEGS344MSXA,https://m.media-amazon.com/images/I/51A6wTTu5kL.jpg
"Caudalie Vinosource SOS Intense Hydration Set: Hydrating Trio for Sensitive Skin including a Daily Foam Cleanser, Hydrating Serum, Facial Moisturizer",B08H4SYXR4,AGYVC7KVHP2AWM7BDCEYNHFA6F3Q,https://m.media-amazon.com/images/I/41fQsbpTerL.jpg
"Busy Co. Biodegradable Hydrating Hand Wipes, With Collagen and Peptides to Smooth and Improve Elasticity, 15 Individually Wrapped Wipes (Refresh Line - Fresh Citrus)",B08DK74M1P,AEH7RAIDBU7QALXTMWAA73PTL4JA,https://m.media-amazon.com/images/I/31v0cyqQP4L.jpg
lootaan 500 Pieces False Nails French Acrylic Fake Nails Tips Half Cover Artificial Fake Nails With Box and False Nail Clipper for Women Girl,B08B3TCMSQ,AH4TB6XJJKH3WLSX2D56JYJ4Z4ZA,https://m.media-amazon.com/images/I/41KdLq0FZwL.jpg
Nxconsu 8Pcs Rhinestone Headbands for Women Girls Teens Kids Fashion Comfort No Hurting Hair Accessories Thin Hair Bands Crystal Exquisite Color Selection,B08G149DSD,AGWXHH2DQWVMVZA3GHAFJQ7ROGQA,https://m.media-amazon.com/images/I/51WSGIJFw+L.jpg
MOSTORY Glitter Crystal Liquid Eyeshadow Set - 4 Pack Pigmented Liquid Eye shadows Matte Shimmer Metallic Quick Dry Crease Resistant Long Lasting Flake-Proof Blendable Non-Greasy Eye Makeup (4 Pack),B08DK5D9J5,AFNRGRORFAGSB7WGANETBDDYDEAQ,https://m.media-amazon.com/images/I/51dZmXCYDgL.jpg
"Follain Everybody Bar Soap | Lavender & Bergamot, Skin Moisturizing Hand & Body Cleanser with Shea Butter, Argan Oil, Hydrate for Softer Skin, Non-Drying, Rich-Lather, Cruelty Free, 5 oz",B086N136NH,AFWVN52MRBWOTIK7UGXBWGOY4HBA,https://m.media-amazon.com/images/I/31lRNYQKmJS.jpg
"Magnetic Eyelashes Kit,Magnetic Eyelashes and Eyeliner Kit,with Most Natural Look,12 Pairs Magnetic Eyelashes & 3 Magnetic Eyeliner,Reusable Magnetic Eyelashes,No Glue Need",B08DNCR582,AFZDKJMOCGD5KJ2TXWOZB5OAJO5A,https://m.media-amazon.com/images/I/51Ug2C1ZLpL.jpg
"Make-up Organizers Storage Cosmetic Organizer Display Case Dustproof Storage Box Waterproof Holder Used for Bathroom w/Handle Christmas Gift 12""L x 16""H White",B08F7WFLCT,AEZY3WQ5CO4DOXRNJOWWXJYKCAXQ,https://m.media-amazon.com/images/I/41MqC9YBTeL.jpg
"2 Pack Hair Towel Wrap Turban Microfiber Drying Shower and Bath, Twist Head Towels with Button, Magic Quick Dryer, Hair Care for Women and Girls, One Wrap Plus One Cap and Two Velvet Hair Bands",B0841WQNNZ,AE23ZBUF2YVBQPH2NN6F5XSA3QYQ,https://m.media-amazon.com/images/I/51yuMaY39JL.jpg
"Karuna 7 Days of Glow - Face & Eye Mask Variety Pack (7 Sheets), Hydrate, Brighten and Glow",B08GYJY8F2,AFPPNF3RSFMMNC5UAM6V4B475MBQ,https://m.media-amazon.com/images/I/41WlRyVse8L.jpg
"Glow Line Individual Hand Wipes - Hand Wipes Travel Size, Lavender Rose Travel Hand Wipes - Moist Towelettes Individually Wrapped, Wet Wipes Individually Wrapped w/Murumuru Seed & Peptides - 15 ct",B08DK4NDM3,AHY2TURQPNIDXZGH2CMQLZ343YMQ,https://m.media-amazon.com/images/I/41ab4XNfGyL.jpg
"Premium black caviar facial mask sheet for anti-aging and anti-wrinkle, AG Mask, 6 Sheets, Hydrating and Brightening, Made in Korea.",B089D16BWJ,AHT6AM6BNIZUHFJB5V2M6XM72G7Q,https://m.media-amazon.com/images/I/313+b-O+0pL.jpg
Bodyguard Moisturizing Immunity Soap 6pk | 7 Essential Oils Clinically Evaluated to Boost Immunity and Protect | Moisturizes with Sweet Almond Oil | Healthy PH for Skin Microbiome,B086TS3BKQ,AGRO3UTLKTF724ZW64QXGWXJ4SYA,https://m.media-amazon.com/images/I/41fu-Y57eGL.jpg
"UV LED Nail Lamp – 128W Rapid-Curing Gel Nails Dryer for Manicures and Pedicures – Dual-Voltage with Extra-Long Cable, Multi-Language Manual – Professional Gel Lamp for Homes or Salons by OVLUX, Gold",B08L6GXY2S,AEOK4TQIKGO23SJKZ6PW4FETNNDA_1,https://m.media-amazon.com/images/I/31U0K-zgN-S.jpg
"EASYDEW Starter Soft Conditioning Face Wash 6.76 fl oz - Soothing and Moisturizing Face Wash with Ceramides, Hydrogen Water & DW-EGF I Deep Pore Cleanser & Hypoallergenic Gentle Makeup Remover",B07MZT83KK,AF7XNTURXVPO55T5EP4B4DVPQPPQ,https://m.media-amazon.com/images/I/31wuHcGhxZL.jpg
"Dr. Au Anti-Aging Face Oil Retinol Serum by Au Natural Skinfood - Promotes Youthful, Glowing Skin | Collagen Boosting Wrinkle Repair | No Oily Residue - Just Soft to the Touch Skin | Day & Night Moisturizing treatment for Men and Women",B07NPCT6L5,AGYVC7KVHP2AWM7BDCEYNHFA6F3Q,https://m.media-amazon.com/images/I/41wVG+A07vL.jpg
"Multicolors Crimped Bobby Pins, 96 Counts 2 Inches Non Slip Grip Hair Pins For Women, Safe Rubber Tips & Strong Grip Bob Pins, Bobby Pins Blonde, Black, Brown, Green",B087PJ121M,AGN5KJZU3FYSKVWXWM66LXYWL5CQ,https://m.media-amazon.com/images/I/51SddNfCFRL.jpg
"PINROSE Perfumes Bold Soul - Eau de Parfum Petals (Fragrance Towelettes) - Vegan, Cruelty-free, and Hypoallergenic Scent with Essential Oils - Notes of Crushed Blackberry, Tuberose, Vanilla, Cinnamon and Patchouli",B0B2L218H2,AEBWGXGGL3Q5DSTMUQSTVUJDWSMA,https://m.media-amazon.com/images/I/319jfzor2KL.jpg
Balance White Mud Balancing Mask by Au Natural Skinfood | Rotorua Exfoliating Mask with 16+ Manuka Honey | Certified | Food For Your Skin | All Skin Types | Made in New Zealand | 1.7 oz,B07PCGSFGQ,AGLIUT3VWAE7UEZHWVHNLDTBOAEQ,https://m.media-amazon.com/images/I/4194QMPoGxL.jpg
"Travel Bottles for Toiletries, Silicone Travel Size Bottles And Squeezable Containers Holders with belt clip Keychain for Backpack, Shampoo, Liquid, Cosmetic Products(2 oz, 6 Pack)",B08HRHCZV2,AGZYMSCZZ5SPWHX5AVWTP64TY7AA,https://m.media-amazon.com/images/I/41gBY6XbtbL.jpg
"Organic Sweet Almond Oil and Fractionated Coconut Oil Bundle for Hair and Skin, 100% Pure and Natural, Hexane-Free, Moisturizing, For Healthy Skin, Silky Hair, Multiuse Body Oil, 16 fl. Oz X 2",B08LYT4Q2X,AHGQDSOBAIVAAKJFIVEGS344MSXA,https://m.media-amazon.com/images/I/51EnPDcnK4L.jpg
"TOUCH IN SOL Best of No Pore Blem Travel Kit - Face Makeup Primer, Big Pores Perfect Cover, Inner-Glowing Skin with Moisture, Long Lasting Makeup's Staying Kit",B08F4ZDVZQ,AGWF6BTLJVQQ2N2R5PKNJOLY65GQ,https://m.media-amazon.com/images/I/41cLvn4oBCL.jpg
Pine Gel Nail Polish Set Chameleon Shimmering Color and Black 7.5 ml LED UV Cured Soak Off Nail Gel for Nail Art Manicure,B085SY4WC3,AELRWE7QQJRKDFHDQHVAODTF5FRA,https://m.media-amazon.com/images/I/510Z+cspVyL.jpg
"BEPHOLAN Natural Eyelash Growth Serum and Brow Enhancer to Grow Thicker, Longer Lashes for Long, Luscious Lashes and Eyebrows|15ML",B08J7R5HHX,AEJU3Z6HDAERETMYI2CXBQVPPDFA,https://m.media-amazon.com/images/I/41qBSb2u7EL.jpg
"FRESHME Mud Mask - Facial Mask Kaolinite Clay Masks Cleansing and Moisturizing Brightening Smoothing Face Mask, 3.4 fl oz",B08CH5PC9W,AGSVNZDZNPCMXG5DEFXMZNRH2LCQ,https://m.media-amazon.com/images/I/4116zMYsnZL.jpg
"Soo'AE Sweet Pink Bubble Mask, Clarifying & Softening, 1 Count",B08GS1G9BH,AEWHLGO6FWZ4ZO7N6TX7I2FYO6EA,https://m.media-amazon.com/images/I/41zCgQbNVLL.jpg
"LEAP Lemongrass Hand Soap, Natural & Moisturizing Lather, Gentle & Rinses Clean, Made with Organic Oils, Cruelty Free & Vegan, Liquid Hand Wash, Superbly Designed, 12 fl oz",B08KNVV18L,AFNCHMAKUAJOGVCKOA4XGLINHPDQ,https://m.media-amazon.com/images/I/41MAmsPPZNL.jpg
UJM Magnetic Eyelashes 10 Pairs Reusable Magnetic Eyelash and Eyeliner Kit Natural Look False Lashes with Tweezers No Glue Needed Waterproof Magnetic Lashes,B08KJF6Y6C,AEFRTLVCVRALKXBED77KHPIXEPWQ,https://m.media-amazon.com/images/I/51eYbVzxpJL.jpg
"LUXAZA 6 PCS Purple Eyeshadow Stick,Light Shimmer Cream Eyeshadow Crayon,Pro Smoky Waterproof & Long Lasting Eyeshadow Stick Set",B08MPK4JRB,AGFLDIUYV2PKF5Q7IEMULR52GW2Q,https://m.media-amazon.com/images/I/512+uFpn0VL.jpg
Biutee Nail Stamping Plates 5pcs Templates With Stamper Scraper Set Nail Art Plates set animal flower Christmas halloween design,B08G4Y4SFV,AGOLMT3QETKYNESRYKBA6D7XXS7A,https://m.media-amazon.com/images/I/61YVUB9CiZS.jpg
Pine Gel Nail Polish Set 6 Colors Purple Blue Cat Eye Glitter Gel Polish 7.5 ml Soak Off UV LED Cure Home Salon Manicure,B085TFXLH1,AEOK4TQIKGO23SJKZ6PW4FETNNDA_1,https://m.media-amazon.com/images/I/51KgJj83vZL.jpg
Cherry Blossom Hand & Body Sugar Polish by South of France Clean Body Care | Moisturizing Sugar Scrub for Women | Shea Butter + Sunflower Oil | 8 oz Tube,B07PZ8JNWJ,AEOK4TQIKGO23SJKZ6PW4FETNNDA_1,https://m.media-amazon.com/images/I/41zdJNGyP5L.jpg
"Altaba Ombre Brown Short Bob Wig with Bangs Natural Looking Bob Wigs for Women 12"" Straight Silky Hair Synthetic Heat Resistant Wigs for Daily Party Cosplay Hair Wig",B08F4XPC97,AENQC6O3X4BUEQWSDTBUN2VMM5VQ,https://m.media-amazon.com/images/I/51Vvy5xIX0L.jpg
LeiCare Tweezers Precision 2-Pack - Stainless Steel Slant Tweezers for Ingrown Hair – Professional Tweezer Set with Slanted Tips for Eyebrows and Splinter Removal - Eyebrow Plucker Kit,B08BLX72TP,AG2V56KGC2Y3VNKPON3W56ZGFOFA,https://m.media-amazon.com/images/I/418IuXKPl0L.jpg
AMOREPACIFIC Color Control Cushion Compact Broad Spectrum SPF 50+,B089NJG212,AG73BVBKUOH22USSFJA5ZWL7AKXA,https://m.media-amazon.com/images/I/41FOZdweupL.jpg
Hetianmei® Pink Rhinestone Headbands for Women，Jewel Headband，Bling Diamond Headbands Crystal Fashion Sparkly Jeweled Thick Headbands for Woman,B08HQSK576,AGWXHH2DQWVMVZA3GHAFJQ7ROGQA,https://m.media-amazon.com/images/I/41X1Dsp2-AL.jpg
"Gel Nail Polish Set, Glitter 6 Colors Gel Polish Kit Popular Nail Art Design Soak Off LED Lamp Nail Polish Gel Manicure Kit Gifts Set for Girls Women Professional DIY Home Use",B08CVCLVS2,AHX2B4DEER2QR3IU3CCNB3CWC6TA,https://m.media-amazon.com/images/I/51ZVBEbqzwL.jpg
Hylunia Hydrate Body Wash - Energizing Blend With Mango 8.5 oz,B07YNDWRCB,AE3PLZHW6NXWBMZ76TDVFQG2MJFA,https://m.media-amazon.com/images/I/31Ixbh+JFaL.jpg
"SAISZE Jaw Exerciser, Facial Fat Burner Double Chin Reducer Eliminator for Jawline Shaper, Neck Muscle Training Helps Face Slimming for Men Women (Blue)",B08L3W279N,AFVOZ4UNUZKEQ7GTQ3IHQY7PZ5FA_1,https://m.media-amazon.com/images/I/41Qc-EdfakL.jpg
CIMIY Gel Nail Polish Set 8 bottles - Manicure Colors Infinity with Top Base Coat for Forest Nail Art Natural Daily All Seasons for Nail Profession Salon and Starter at Home Soak Off UV LED 0.32oz,B08HZ5Y8RY,AEOK4TQIKGO23SJKZ6PW4FETNNDA_1,https://m.media-amazon.com/images/I/51vOVXKvosL.jpg
"Rose Quartz Roller with Derma Roller 0.25mm, Facial Kit with Microneedle and Pink Jade Rollers",B07HVRP37G,AGVMU3ZRTWWL4I6XLIGNJCZ6EVNA,https://m.media-amazon.com/images/I/41sL8hsOoeL.jpg
"Tweezers for Eyebrows, MORGLES 5PCS Tweezers for Women Precision Tweezers Set with Eyebrow Brush Leather Case for Eyebrow Ingrown Hair Removal",B08C2T24WG,AEC6IZVI2NGFBCIYVD4X5MDGB6DQ_2,https://m.media-amazon.com/images/I/41Zd0aUKgqS.jpg
"SOFTACULOUS Foot Peeling Mask Booties – 2 Pairs, Baby Soft Skin in 7 Days",B07SY7WPS4,AFSYEOBTC3ULN3DGKABPFR6FIWQQ,https://m.media-amazon.com/images/I/51la4K4tYSL.jpg
"invisibobble Sprunchie Spiral Hair Ring - True Black - Scrunchie Stylish Bracelet, Strong Elastic Grip Coil Accessories for Women - Gentle for Girls Teens and Thick Hair",B08HXQ3T9K,AEKV4Q3JUQTQA2UR7PH7QLUHUTTQ,https://m.media-amazon.com/images/I/41OWwSyNKbL.jpg
Color Changing Gel Nail Polish Set Spring Summer Mood Nail Polish for Starter and Professional 6 Colors Pink Red Blue Yellow Purple Brown Manicure Kit for Valentine’s Day Girlfriend Gift,B08LPS9QXQ,AE3QBGRRHKT3GFDPRXFEN7JICEZQ,https://m.media-amazon.com/images/I/51SWarpQj7L.jpg
"MIZON Cicaluronic Line, Cicaluronic Cleansing Balm, Makeup Remover, Centella Asiatica,Hyaluronic Acid, One Step Cleansing (2.7 fl oz)",B08L3J4FB9,AGYVC7KVHP2AWM7BDCEYNHFA6F3Q,https://m.media-amazon.com/images/I/21KzEm4ql9L.jpg
"EASYDEW DW-EGF Double Synergy Moist Ampoule1.01 fl oz -K Beauty Award-Winning Anti Aging Ampoule with EGF to Plump, Moisturize Skin I For Sensitive Skin, Gift for Mom, Wife, Her",B08HRNPNR5,AG73BVBKUOH22USSFJA5ZWL7AKXA,https://m.media-amazon.com/images/I/31vl4oxGhoS.jpg
"CONBOLA Make Up Organizer 5 in 1 Dresser Organizer,Portable for Lipstick and Jewlry ,Makeup Organizer and Temporary Makeup Brush Holder,Multi-purpose for Girl Women.36.6cm18cm.(Blue)",B08LZ6W8RF,AGFLDIUYV2PKF5Q7IEMULR52GW2Q,https://m.media-amazon.com/images/I/51R-vRAHOLL.jpg
"Yolife Acrylic Nail Brush with100% Pure Kolinsky Sable, Nail Art Brush With Brilliant crystal Handle, for Manicure Pedicure (6#, Silver)",B08CC6YRLJ,AELRWE7QQJRKDFHDQHVAODTF5FRA,https://m.media-amazon.com/images/I/417KR8hJ7tL.jpg
"Claw Hair Clips, IKOCO 6 Pack Jaw Clips Stylish Matte Plastic Strong Hold Hair Clamps Box Packaged for Thin Fine Hair with 10Pcs Black Hair ties (2.4Inch)",B08HMLXW65,AFXF3EGQTQDXMRLDWFU7UBFQZB7Q,https://m.media-amazon.com/images/I/51ifQCm6WjL.jpg
"Pippa Of London Magic Star Eyeshadow Powder Pencil, Long Lasting, Blendable Eye Make Up Stick",B08JCX3DL7,AG7WXYJR3N3IOL7NX6QUZJUPBVDA,https://m.media-amazon.com/images/I/31LRIsi6HxL.jpg
NAILGIL Poly Nail Gel (Temperature),B088TXBCB5,AFLI33M7ADMQ2B3DSIJLODWUHTAA,https://m.media-amazon.com/images/I/51BCY+pZCmL.jpg
"3 Barrel Curling Iron, Milantia 3/4 Inch Mini Travel Curling Wand Hair for Small Curly, Dual Voltage Ceramic Tourmaline 19mm Crimper Hair Iron for Women - Fast Heating, Portable",B08NPBQR9L,AFLI33M7ADMQ2B3DSIJLODWUHTAA,https://m.media-amazon.com/images/I/41w-5Shtf6L.jpg
"Disney Frozen - Townley Girl Mega Nail Set with Nail Dryer Foldable Gift Set for Parties, Sleepovers and Makeovers",B08CVTNQP1,AESI2BA4YODTHOSRFLJCSTAM6XDQ,https://m.media-amazon.com/images/I/51vP++sJLBL.jpg
"GENSKIN Generation Skin Hydrating Marine Algae Eye Patches | Hydrate, Plump, Brighten Eye Area 180g/6.34 Oz - 30 pairs",B08KWN77LW,AE5IMGWRBJA7JQFBQTBK25HDYGVA,https://m.media-amazon.com/images/I/41Quqzvj7KL.jpg
HAIRCUBE Natural Looking Short Blonde Wigs Pixie Cut Dark Root Ombre Blonde Wigs with Bangs Wigs for Women,B07YQG1Y2Z,AENQC6O3X4BUEQWSDTBUN2VMM5VQ,https://m.media-amazon.com/images/I/51SNxalCqtL.jpg
MAELYS VIRTUE Neck Firming Cream,B07PBWVV5K,AG73BVBKUOH22USSFJA5ZWL7AKXA,https://m.media-amazon.com/images/I/31yAd4MSosL.jpg
ROSEGIN 23 Pcs Gel Nail Polish Set with Glossy and Matte Top and Base Coat Soak Off Gel Polish Colors Pink Red Green Neon Long Lasting Nail Gel Polish,B08K8P7LN6,AHDVSLWHSORYGG3S5QZMVDFNOXUQ,https://m.media-amazon.com/images/I/51rpgJiNzHL.jpg
"EASYDEW Starter Moist Whip Foam 5.07 fl oz - Non-Drying, Gentle & Purifying Foaming Cleanser with Ceramide I Exfoliating Daily Face Wash that Removes Dirts and Makeup",B07YS9W97B,AEHLKY7Q5O3D3E6YEV67JIBVFNFA,https://m.media-amazon.com/images/I/31QBuiOdnoL.jpg
Brazilian Straight Bundles Human Hair 3 Bundles 10A Straight Weave Hair Bundles 100% Unprocessed Virgin Hair Extensions Natural Black (22 24 26),B08QFGV5ZQ,AEJU3Z6HDAERETMYI2CXBQVPPDFA,https://m.media-amazon.com/images/I/51FTGClqkUS.jpg
"Rancco Dried Flower Buds Fragrant Petals Ball, 10 Kinds Natural Organic Flowers Ball, Premium Grade Dried Blooming Flower Tea Balls for Tea, Baking or Bath Bombs",B08KT7FCYY,AFXF3EGQTQDXMRLDWFU7UBFQZB7Q,https://m.media-amazon.com/images/I/517Ss4uZpkL.jpg
"Empty Amber Glass Spray Bottles - (4 Pack) 16 oz with Labels Refillable Container for Essential Oils, Cleaning Solutions, Cleaning Products, Hair, Plant Mister, Daily Shower, Gardening or Aromatherapy",B08HGZXLP6,AHPGHDFIU3BUB3RQBP56RQQA7W4Q,https://m.media-amazon.com/images/I/51c69oETNXL.jpg
"Simply Dana Cellular De-Stressing Cream, Boost Skin's Natural Immunity - 1 oz (30g)",B07W1WJZFG,AG73BVBKUOH22USSFJA5ZWL7AKXA,https://m.media-amazon.com/images/I/31KAjTJAg-L.jpg
"Maya Mari -  Castor Oil Shampoo for Women, Strengthening and Moisturizing Shampoo for Coarse, Textured, and Curly Hair, 32 oz",B087ZQG11L,AHY2TURQPNIDXZGH2CMQLZ343YMQ,https://m.media-amazon.com/images/I/41YmA4-V1gS.jpg
"12 Sheets 3D Iridescent Butterfly Nail Art Stickers for Fingernail Toenail, Self-Adhesive Butterfly Nail Decals, Holographic Glittery Butterfly Nail Decorations for Women Girls",B08JZD8HN4,AGZZXSMMS4WRHHJRBUJZI4FZDHKQ,https://m.media-amazon.com/images/I/616qORzFBBL.jpg
French Girl Hibernation Essentials,B08M9TJ3NJ,AFIJLAW3HIOMRUFSWNH54IJ3XQAA,https://m.media-amazon.com/images/I/31u2Gzc2gmL.jpg
"Bath Body Brush with Super Comfy Bristles for Universal Skin,Long Bamboo Handle Gentle Exfoliation Improve Skin's Health and Beauty Wet or Dry Brushing Back Scrubber for Shower",B08N9RT9YD,AHG5KKQMMZJA46LDH73IZ4QUHYXA,https://m.media-amazon.com/images/I/31eXoVhnObL.jpg
"Aesfee Makeup Mirror Vanity Mirror with Lights, 1x/2x/3x Magnification LED Lighted Trifold Cosmetic Mirrors, 3 Color Lighting Modes Touch Control Dimmable Countertop Illuminated Mirrors - White",B08N6CLJ6P,AFUWF5DARSSBPDLHSY67Q3LCI54Q,https://m.media-amazon.com/images/I/31A9unpp2JL.jpg
Avajar Blue LED Hydrating Cream Mask 5 Pack - Hydrating Face Masks for Women | Moisturizing Face Mask for Girls | Collagen Face Sheet Masks Set | Korean Face Mask Sheets Pack | Sheet Mask For Face,B083B67373,AEH7RAIDBU7QALXTMWAA73PTL4JA,https://m.media-amazon.com/images/I/312jKYe+71L.jpg
"Beauhair Lace Front Wigs Human Hair Pre Plucked Brazilian Deep Wave 13x4 Lace Frontal Wig with Baby Hair 9A Natural Hair Wigs for Black Women(16, Deep Wigs)",B08LG68MGH,AFDYIK3FNPY2JFBQYUWC6GSBMIRQ_2,https://m.media-amazon.com/images/I/51et7ldNJfL.jpg
"Galashy Magnetic Eyelashes With Eyeliner Kit - 5 Pairs Reusable False Lashes, 2 Bottles Magnetic Liner, Tweezer Applicator Tool",B08KHSB33G,AGUTZC4GHLTGYHA3KBEDRF6MHB6A,https://m.media-amazon.com/images/I/517gmcg+xKL.jpg
Huxley Secret of Sahara Clay Mask Balanced Blend 4.23 fl. oz. | Korean Clay Mask to Refine Pores and Absorb Excess Oil and Sebum | Made with Moroccan Rhassoul Clay,B08L4HTQ3R,AGAM2CCKV52HI4YZU7ASZTSXA7YQ,https://m.media-amazon.com/images/I/213q+zp7XoL.jpg
"Canple Self-cleaning Slicker Brush for Medium Long Hair Types Dog and Cat, Removes Loose Hair Undercoat Effectively Reduce Mats & Tanglings Grooming Brush",B08KY7VYDS,AG4D44BNNLUEZNG7COK2CNRYUHYQ,https://m.media-amazon.com/images/I/41r8O5U3-AL.jpg
"WIS Hyaluronic Acid Moisturizing Facial Mask for Women Anti-aging, Deep Hydrating, Remove Wrinkles, 24 Pack Sheet Mask for Dry and Sensitive Skin Care",B08PVH18Z6,AE5IMGWRBJA7JQFBQTBK25HDYGVA,https://m.media-amazon.com/images/I/41VFy+5YMTL.jpg
Easydew EX Repair Control Renewal Moisture 1.70 fl.oz.,B01N7A5AGF,AG73BVBKUOH22USSFJA5ZWL7AKXA,https://m.media-amazon.com/images/I/31H7oE5YV7L.jpg
"QTMY Crystal Gemstone Headbands Baroque Hair Accessories Head Band Fashion Headwear Hairbands for Women,Pink",B086Q2J3F2,AGLGCQJ6R7DK2HOZRYGHMQ7D6BTA,https://m.media-amazon.com/images/I/41DbF31fVHL.jpg
Long Black Wavy Wig with Bangs for Women Synthetic Wigs Natural Looking Realistic Wigs Hair for Daily Party Cosplay Use,B08S2LYN64,AECADZLPUNH3BDNACLFF7PSHN5MQ,https://m.media-amazon.com/images/I/415wIGe6l1L.jpg
"Magnetic Eyelashes with Eyeliner, Invisible Magnetic Mink Magnetic Lashes Kits with 2 Liquid Eyeliner 6 Reusable Waterproof False Eyelashes, Eyelash Tweezers, Best Magnetic Eyeliner for Daily, Party",B08NTD1NM1,AE23ZBUF2YVBQPH2NN6F5XSA3QYQ,https://m.media-amazon.com/images/I/51M2IBMsW-L.jpg
Purple Shampoo and Conditioner Set - Blonde Shampoo - Made in USA - Purple Hair Silver Shampoo - Hair Toner Shampoo & Conditioner for Brassy Hair - Purple Toning Shampoo & Overtone Conditioner,B08GMC48QF,AEBWGXGGL3Q5DSTMUQSTVUJDWSMA,https://m.media-amazon.com/images/I/414R3b3tfQL.jpg
"Simply Dana Coconut Lip Scrub, Exfoliate and Plump Your Lips, 0.4 oz (12g)",B08RQZ3F3L,AHY2TURQPNIDXZGH2CMQLZ343YMQ,https://m.media-amazon.com/images/I/41PRib7xtuL.jpg
"Facial Steamer with Portable Mini Cold Facial Mister, Face Steamer for Facial Deep Cleaning, Nano Ionic Face Hot Steaming Machine for Home Facials Personal Moisturizing Skincare Beauty",B08P4YQ3K5,AFMTB6XAI3YBCJVTOGKOFJU3LUOQ,https://m.media-amazon.com/images/I/41fa5hAbZoS.jpg
"Murad Hydration Intense Recovery Cream - Deeply Moisturizes Severely Dry and Stressed Skin - For Face and Eyes, 1.7 Fl Oz",B08SQZ1B3W,AGYVC7KVHP2AWM7BDCEYNHFA6F3Q,https://m.media-amazon.com/images/I/31GfYv5bILL.jpg
GAINWELL,B08JTNQFZY,AGAM2CCKV52HI4YZU7ASZTSXA7YQ,https://m.media-amazon.com/images/I/41HKskjrzVL.jpg
Gel Nail Polish Set - TOEDO Fall Winter Nail Gel 6 Colors Tan Brown Colors Soak Off LED Nail Lamp Gel Polish Kit for Home DIY Manicure Nail Designs,B08P15TB2V,AHSV4TYSAX52BIHH7PLZRD44KZHA,https://m.media-amazon.com/images/I/51qsJL+oB8L.jpg
"JIADEL Gel Nail Polish Colors Set,Confetti Glitter Gel Nail Polish With No Wipe Base and Top Coat,Soak Off UV LED Nail Art Salon Starter Manicure Kit",B08GKVYS1Y,AEOK4TQIKGO23SJKZ6PW4FETNNDA_1,https://m.media-amazon.com/images/I/51HKwu2S6KL.jpg
"UV LED Nail Lamp Mercase,72W Gel uv light for Fingernail & Toenail Gel Based Polishes – Portable Nail Curing Light with 36pcs LEDs, 4 Timer Settings & Smart Sensor (White)",B08MT8L5ZL,AHGQDSOBAIVAAKJFIVEGS344MSXA,https://m.media-amazon.com/images/I/315aSg-lBuL.jpg
"KISSIO Black Mascara,Double-ended Mascara,Mascara 2 in 1,Black Thick Mascara,Stereotype & Thick,Clear Roots,Effective for 12 hours,2 Step,1 Tube",B08GP7CV1S,AEB2IM7SDC6STXDK4X5WO5U4GN4Q,https://m.media-amazon.com/images/I/31aRQE92KSL.jpg
"QTMY Fashion Rhinestone Flower Headband,Wide Hair Hoop for Women,Hair Accessories Head Band Headwear,White",B0895XPZNT,AEV4UO43YIZXLNB4E64KWRJ3ACXQ,https://m.media-amazon.com/images/I/51EfvUhc2yL.jpg
"5-Pack Hair Scalp scrubber Massager Shampoo Brush for Straight Curly Long Short Thick Thin Wet Dry Hair, Men Women Kids Scalp Care Hair Cleaning Shower, Scalp Care Brush,100% comfortable",B08SQ31H8P,AECTRGMRKOGAYIV3YXX73CQEQCSQ,https://m.media-amazon.com/images/I/41EyNlhyNoL.jpg
WIS Acne Skin Pleiotropic Conditioning Face Mask Acne Scar Remover & zit Treatment & Blemish Fightting & Reduce Pores | Organic Mask Care Acne Prone skin-24 Pcs,B07T4LKC4D,AE5ESL52LWWBJTSFOAXSFZA3XCGQ,https://m.media-amazon.com/images/I/41BOeYU0BbL.jpg
"Headbands for Woman Pearls Headbands,Logiverl 2PCS Pearls Headband Elegant Hair Clip Hairpins Headwear Barrette Styling Tools Accessories for Christmas Gift",B07YV9J2YZ,AEV4UO43YIZXLNB4E64KWRJ3ACXQ,https://m.media-amazon.com/images/I/51jkSlN63BL.jpg
Kneipp Body Lotion (Lavender),B01MSF13T1,AEXO6YBJHQZFPLVRQJI6VX7IJDNA,https://m.media-amazon.com/images/I/41SMYbCZJ7L.jpg
"StudentsZone Fashion Headbands for Women, Cute Bow Headband for Spa, Makeup or Washing Face, No Slip Head Bands for Girls ( 1 * Pink Polka Dot + 1* Pink Leopard )",B08S2RZVM4,AGQ3ZCKOJLXGII75JNESX6SWJOMQ,https://m.media-amazon.com/images/I/51iFnMa68zL.jpg
"Microfiber Hair Towels - 5 Towel Set – 5 Beautiful Colors - Great for all Hair Types - Size (10 x 26 inches) Lightweight, Absorbent, and Ultra Soft. Colors Rose, Pink, Gray, Blue, and Lilac.",B08Q3F3L7S,AFSYEOBTC3ULN3DGKABPFR6FIWQQ,https://m.media-amazon.com/images/I/41E1q4+8YHL.jpg
"Dip Powder Nail Starter Kit 8 Colors Acrylic Dipping Powder System for French Nail Manicure Nail Art Set, Portable Kit for Trave, No LED Nail Lamp Needed…",B08SJKR877,AG73BVBKUOH22USSFJA5ZWL7AKXA,https://m.media-amazon.com/images/I/51caJVGbDeL.jpg
"Reusable Shower Cap for Women – Leakproof, Nonslip Hair Cap for Shower w/ Comfy Flexiband – Soft, Breathable Shower Caps for Women Reusable Waterproof – Durable, Heavy Duty Shower Cap by SMPL OBJECTS (Marble)",B09GNXK3N1,AHT6AM6BNIZUHFJB5V2M6XM72G7Q,https://m.media-amazon.com/images/I/51nDvSc1SdL.jpg
Nxconsu 12Pcs Headbands for Women Girls Teens Elastic Hair Bands Silky Solid Colors Pleated Crinkle Head Band Fashion Trendy Outfit Colorful Thin Comfortable Hair Accessories for Home Work Gym Casual,B08QHP717Z,AFGCJIO7DNVCCZPG4KVMKKXVPJLQ,https://m.media-amazon.com/images/I/41YOfosBmTL.jpg
Vitamin C Face Serum with Lemon Peel Bio Ferment Restorative Anti-Aging Serum with 20% Vitamin C MSM Hyaluronic Acid Organic Aloe Vera and Jojoba – 1 Ounce,B08KFLJQMR,AHRKSR7YAA6TGQGDO6CA5GDTRXDA,https://m.media-amazon.com/images/I/311uTRTGcyL.jpg
"Argan Magic Color Protection Hair Mask – Nourishes, Hydrates & Helps to Protect Color Treated Hair | Enriched with Moringa Oil & Botanical Extracts | Made in USA | Paraben Free | Cruelty Free (8 oz)",B07L9H27SH,AFB3QHU3MOWSWQ7ISC5I7JISKQVQ,https://m.media-amazon.com/images/I/4164nSQCC-L.jpg
"Sparkling Oxygen Mask, Skin Energizing Treatment with Bubbling Action",B08VKQY815,AG73BVBKUOH22USSFJA5ZWL7AKXA,https://m.media-amazon.com/images/I/31BeomKw-kL.jpg
"Lenghthening Mascara by Almay,Volume & Lift, Eye Makeup, Hypoallergenic and Fragrance Free, 010 Blackest Black, 0.24 Fl Oz",B08MRRNL18,AG7JCEMC64AM7JPATDVGP6YZOTXA,https://m.media-amazon.com/images/I/31RFcLOoeXL.jpg
Keratin Secrets Do It Yourself Home Keratin System,B07SLFWZKN,AGZUJTI7A3JFKB4FP5JOH6NVAJIQ_1,https://m.media-amazon.com/images/I/5163R0SItjL.jpg
BeautyStat Mini Universal Essentials Skin Care Kit - 3 in 1: Universal C Skin Refiner + Universal Pro Bio Moisture Boost Cream + Universal Moisture Essence | Created by a Veteran Cosmetic Chemist,B08S1LWF9V,AG73BVBKUOH22USSFJA5ZWL7AKXA,https://m.media-amazon.com/images/I/41q+-Em3rbL.jpg
Calendula Soap With Coconut Oil Soap - Natural Body Soap | Best Body Bar For Dry & Sensitive Skin | Use As A Bath Soap & Face Pure Extracts (2.64 Ounce),B08KHRF9NY,AHGQDSOBAIVAAKJFIVEGS344MSXA,https://m.media-amazon.com/images/I/41tz+A5n5kL.jpg
"Kidskin- Foaming Body Wash with Tea Tree Oil- Helps Combat Body and Foot Odor and Stubborn Body Acne and Skin Issues - Cruelty Free, Gluten Free, Paraben Free, Sulfate Free, Unscented, and Vegan- Made in USA",B08WHBSK6R,AEIGRLFPH5Z3EQ73Z23CJ3WX6R6A,https://m.media-amazon.com/images/I/31oy2QnPa-L.jpg
Fog-free Dental Mirror and 4 Pieces of Stainless Steel Dental Pick Professional Oral Care Kit for Family including Dogs Oral Care,B08QYW2FJ2,AFWSX6J3BVHWV5KLNYIVNUBTN7MQ,https://m.media-amazon.com/images/I/41UVPPkFusL.jpg
"Fascy Facial Mask Beauty Treatment 5 Packs 3 Step Mask, Korean Facial Skincare Mask, All Natural Moisturizing Facial Mask Skin Beauty Treatment with Eye Cream, Skin Rejuvenation Facial Mask",B08M8Z51F1,AGNP7WAB6CTY72PMMJZTE2DABPPA,https://m.media-amazon.com/images/I/412jH87-ZaL.jpg
NOBLE Wigs for White Women Purple Lace Wigs for Black Women 27 Inch Long Curly Wavy Colored Wigs Middle Part Heat Resistant Synthetic Ombre Purple Wavy Wigs for Daily Party Cosplay Use,B0863FZFPV,AECADZLPUNH3BDNACLFF7PSHN5MQ,https://m.media-amazon.com/images/I/51VFD7zjAVL.jpg
Plant Therapy Natural Acetone Free Nail Polish Remover 6 fl oz One Touch Dispensing Bottle with Flip Top Cap Tropical Flower Scent,B08NC4378M,AGOLMT3QETKYNESRYKBA6D7XXS7A,https://m.media-amazon.com/images/I/31f+dQyi45L.jpg
"O!GETi Vitamin C Foam Cleanser | Foaming Facial Cleanser, Perfect Pore Cleansing Foam, Face Wash for Dry & Sensitive Skin, Sebum Reducing, Moisture Control & Minimizing Pores, Korean Skin Care, Gift for Women, Paraben-free, 4.23 Oz (120g)",B08TR1MKHD,AFSHXT5PTGDSFW2725SDXIE6ZVEA,https://m.media-amazon.com/images/I/41HzYrJ74pL.jpg
"Nail Polish Gel Remover Tools Kit for Women with Nail Clip Caps, Nail File, Nail Remover Cotton Pads,Brush, 2-in-1 Cuticle Scraper and Pusher, Nail Separator",B08CZ5JZMZ,AHGQDSOBAIVAAKJFIVEGS344MSXA,https://m.media-amazon.com/images/I/416OJ-cGGcL.jpg
KRISNICE Gel Nail Polish Kit- 6 Colors Blue Olive Turquoise Lavender Purple Gel Polish Set Glitter Nail Polish Soak Off LED Gel Nail Kit Nail Art Manicure Salon DIY at Home Gifts for Women (KCS6-010),B0895FHBVG,AHGQDSOBAIVAAKJFIVEGS344MSXA,https://m.media-amazon.com/images/I/51YM6ZJyx4S.jpg
Spove Spiral Hair Ties Hair Coils Hair Coil Seamless Non-slip Mixed Ponytail Holder Hair Ties for Women & Kids 15pcs,B08Y6HCR5G,AGQ3ZCKOJLXGII75JNESX6SWJOMQ,https://m.media-amazon.com/images/I/51A2L2at6kL.jpg
"FASCY LAB GREEN+ Korean Sunscreen — SPF 50+PA++++, Daily Facial Sunscreen, Sun Cream With Patented Ingredients, Korean Spf, Korean Sun Cream for Face — Paraben Free [1 x 1.69 Fl.Oz.]",B08NJ5BTWG,AF2BLE54TEMGZ546U763ZHZRXC4A,https://m.media-amazon.com/images/I/31LdTIRIbwL.jpg
"OGANA CELL Peptide Concentrating Amazing Lotion 2.03 fl.oz. (60ml) - 650ppm Peptide Contained Mild Moisturizing Facial Lotion, Hypoallergenic Natural Ingredients for Sensitive Skin",B07RBSLNFR,AG73BVBKUOH22USSFJA5ZWL7AKXA,https://m.media-amazon.com/images/I/21R88ZimSjL.jpg
"Got2b Glued Spray Wax with 2-in-1 Dual Nozzle, 8 oz",B08PLFZB89,AFJBKPK5W56XWSNPQU2WW66ISWYQ,https://m.media-amazon.com/images/I/41SIaFFQDbL.jpg
"NeoCell Overnighter Collagen, 9.3oz",B08XQYZWCS,AEAT2QOOIXWFLBQESCVLAVXLK3RQ,https://m.media-amazon.com/images/I/41ZHCqXNOSL.jpg
"BeautyStat Cosmetics Universal Moisture Essence, 100% Pure Squalane, Face Oil, Moisturizer, 30ml, 1oz",B08RRSPNWV,AEAXAJACFMXIAAH4WOHRMXPSZWFA,https://m.media-amazon.com/images/I/41iMZc68TOL.jpg
"OGANA CELL Bio Actiome Recovery Cream 50ml / 1.69oz - Mild All in One Cream, Soothing & Anti-Wrinkle, Peptides and Blackbee Extract Contained Nourishing Skin Care",B08QVJ4NVD,AF2BLE54TEMGZ546U763ZHZRXC4A,https://m.media-amazon.com/images/I/412wICDe1RL.jpg
"C'est Moi Vanilla Vibes Sugar Balm Body Scrub | Invigorating & Hydrating Exfoliant, Clinically Tested Non-Toxic Ingredients feat. Organic Shea Butter, Coconut Oil & Avocado Oil, EWG Verified, 6 oz",B07FPS2VFK,AEHWKRPNWNMOAJSMO2F6O7RFRTNA,https://m.media-amazon.com/images/I/41iXqbi0+iL.jpg
BABOR Power Serum Ampoules - Hyaluronic Acid | Moisturizing Smoothing and Plumping | 8D Hyaluronic Acid and Tripeptide Intensely Hydrate All Skin's Layers | 7 Days to Hydrated Skin,B08VQY1Z1S,AG73BVBKUOH22USSFJA5ZWL7AKXA,https://m.media-amazon.com/images/I/41ok7iWNbpL.jpg
"MEACOLIA 6 Pack 8oz Water Mist Empty Spray Bottle for Hair,Plastic Spray Bottle for Cleaning Solutions,Refillable Container with Adjustable Head",B08F79Z1Q5,AFUWF5DARSSBPDLHSY67Q3LCI54Q,https://m.media-amazon.com/images/I/51UD7mBbHlL.jpg
senvenski Gel Nail Polish Top and Base Coat Shine Mirror Eggshell Fur Matte Crystal Cat Eye Effect No Wipe Art Set Soak Off UV LED Lacquer Clear Resin Home Salon Use 6pcs (TB6-001),B08W4WQMNM,AGROTY3KEQXC7OWGNLDMPTDPJXHA,https://m.media-amazon.com/images/I/51BP9K-EGiL.jpg
"John Frieda Detox and Repair Shampoo and Conditioner Set with Nourishing Avocado Oil and Green Tea, 8.45 Fl Oz (Pack of 2)",B08XJWLLKQ,AFJBKPK5W56XWSNPQU2WW66ISWYQ,https://m.media-amazon.com/images/I/419XRELM7CL.jpg
"Spanature Olive Hand & Body Lotion Travel Size Selection, 4 Pack, Revitalizing Moisturizer for Rough and Dry Skin, Nourishing and Gentle for All Skin Types, Made In Korea - 75 ml/2.53oz",B01M24DUXH,AHGQDSOBAIVAAKJFIVEGS344MSXA,https://m.media-amazon.com/images/I/41CR0gCEnXL.jpg
"Nail Dip Powder Liquid Set with Base Activator and Top Coat, 10ml x 3, for Dipping Powder Manicure System, No Including Bond Primer Brush Saver, No Need UV/LED Lamp to Cured",B08L99168S,AES3YWD3ONJOUDRWFIV2ZO44QDAQ,https://m.media-amazon.com/images/I/41Wm8SCu8rS.jpg
"Spanature Green Tea Hand & Body Lotion Travel Size Selection, 4 Pack, Revitalizing Moisturizer for Rough and Dry Skin, Nourishing and Gentle for All Skin Types, Made In Korea - 75 ml/2.53oz",B01MA3LXIL,AEHWKRPNWNMOAJSMO2F6O7RFRTNA,https://m.media-amazon.com/images/I/41FbxV6eapL.jpg
STARAMZ 7 Set Bachelorette Scrunchies Bridesmaid Proposal Gifts Hair Ties for Women Bachelorette Party Favors ( Blush),B08YNR839W,AFB3QHU3MOWSWQ7ISC5I7JISKQVQ,https://m.media-amazon.com/images/I/51HhFdXn0MS.jpg
"WIS Hyaluronic Acid Facial Masks for Women Anti Aging, Moisturizing for All Skin Type 24 Pcs Sheet Mask, Daily Skin Care",B08XZDXTG2,AES3YWD3ONJOUDRWFIV2ZO44QDAQ,https://m.media-amazon.com/images/I/31BqNadpPtL.jpg
"CELIMAX The Real Sedum Aqua Boosting Essence - with 65.33% Sedum Extract, Hyaluronic Acid Complex, 150ml",B084WP4XS8,AG73BVBKUOH22USSFJA5ZWL7AKXA,https://m.media-amazon.com/images/I/3101yEyJm6L.jpg
"HASK CUCUMBER + ALOE Body Wash 2 Pack- Refreshing, vegan formula, hypoallergenic, dermatologist tested, pH balanced- 2 Pack of 24.5 oz Bottles",B08SG2MBRY,AEH7RAIDBU7QALXTMWAA73PTL4JA,https://m.media-amazon.com/images/I/51BD664eu0L.jpg
"BQYPOWER Gel Nail Polish Kit with UV Light 84W LED Nail Lamp 8 Nude Colors Gel Nail Polish Starter Kit with No Wipe Base Top Coat, Manicure Kit, Nail Primer, Nail Art Decorations Home DIY Gift",B08VNP9MKF,AFWSX6J3BVHWV5KLNYIVNUBTN7MQ,https://m.media-amazon.com/images/I/51ETqelOPgS.jpg
"TINY BUDDHA Mindfulness Gift Set Includes Soothing Bath and Shower Gel, Relaxing Pillow Spray, Calming Essential Oil Roll-On, Lychee Flower Scented Candle and Daily Mindfulness Practice Guide",B08P5579KC,AGNUU44ETNXLBOUB53LJGFJP3SQA,https://m.media-amazon.com/images/I/31P+31-ivuL.jpg
NIRA Skincare Laser & Serum Bundle - Includes Anti-Aging Laser & Hyaluronic Acid Serum - Reduces Appearance of Fine Lines & Wrinkles - FDA Cleared,B08P2DZB4X,AEHLKY7Q5O3D3E6YEV67JIBVFNFA,https://m.media-amazon.com/images/I/31OE9icA9xL.jpg
LXIANGN Nail Glass Cup With Lid Cute Dappen Dishes 2PCS Heart Shaped Bowl Glass Mini Crystal Bowls for Nail Art Manicure Care Tools,B08R3F946X,AHT556AWAYQIXS3RB57QNRQLBARQ,https://m.media-amazon.com/images/I/51J21gp8GYL.jpg
"ZOUSZ Black Oud Vegan Beard Balm - Classic Wood-Scented Facial Hair Grooming and Skin Care Butter for Men - Avocado, Argan, Macadamia Oils - Vegan Moisturiser, Conditioner, and Dandruff Remover",B08BKWLHYP,AG73BVBKUOH22USSFJA5ZWL7AKXA,https://m.media-amazon.com/images/I/41i+ZKPXZ2L.jpg
"Spanature Aloe Vera Hand & Body Lotion Travel Size Selection, 4 Pack, Relaxing and Revitalizing Moisturizer for Rough and Dry Skin, Nourishing and Gentle for All Skin Types, Made In Korea - 75 ml/2.53oz",B08LPGZMQK,AH5PGJYVXBFVRXAFSTA7AEH4EXRQ,https://m.media-amazon.com/images/I/417RLCZu-GL.jpg
Makeup Brushes 12PCs- CLOWII Professional Premium Birch Handle Makeup Brush Foundation Concealer Brush Set of 12 with 1 Makeup Cleaner(Black),B08T5LG5FT,AHLZVZPQ5TWJ6KXNLADJBDZAT7EA,https://m.media-amazon.com/images/I/514g5LPku5L.jpg
"Purple Shampoo and Conditioner Set - Sulfate Free Salon Grade (2 x 16.9 fl oz) - Hydrating Toner - Shimmer Correction for Platinum Blonde, Silver, Light, and Grey Hair - New Formula",B08QKXY1KN,AGRKJRPX6I5DQPODOC4YJ7CT4XWA,https://m.media-amazon.com/images/I/51Mj21VupzL.jpg
QTMY Wide Headbands Fashion Women Baroque Crystal Gemstone Hair Accessories Head Band Fashion Headwear Hairbands for Women,B086N2SY91,AENQC6O3X4BUEQWSDTBUN2VMM5VQ,https://m.media-amazon.com/images/I/412DMeV+3ML.jpg
"AAVRANI Travel Discovery Skin Care Set with Exfoliating Cleanser & Facial Mask, Toning Serum, Softening Day & Night Moisturizer & Eye Cream Treatment, Facial Kit for Glowing Skin & Healthy Complexion",B0949MJRHK,AEH7RAIDBU7QALXTMWAA73PTL4JA,https://m.media-amazon.com/images/I/51HLOuFO0QL.jpg
"Claireceuticals Sweet Almond Oil for Hair, Face & Skin - Organic Almond Oil for Skin - Pure Almond Oil Moisturizer for Dry Skin - Facial Moisturizer for Women - Ideal Dandruff Remover - 1.69 Fl Oz",B08HDG9F44,AEKV4Q3JUQTQA2UR7PH7QLUHUTTQ,https://m.media-amazon.com/images/I/51kQVP3BS6L.jpg
Tirtyl Hand Soap Sheet Variety Pack - 240 Pack with Portable Storage Tin - Camping/Outdoor/Travel/Handbag - Lavender & Aloe - Bergamot & Ylang Ylang - Jasmine & Patchouli,B09473GGM4,AFXF3EGQTQDXMRLDWFU7UBFQZB7Q,https://m.media-amazon.com/images/I/51CJswRxb7L.jpg
"Burt's Bees Baby Bath Time Kit with Ultra Gentle Lotion, Bubble Bath, Foaming Shampoo & Wash, Nourishing Baby Oil, and Face & Hand Cloths",B08MC3ZLV4,AG73BVBKUOH22USSFJA5ZWL7AKXA,https://m.media-amazon.com/images/I/41qBbvqOg9L.jpg
"Sand & Sky Face Roller & Massager Tool. Aussie Skincare Essentials Firming Face Roller, Sculpt, Sooth & Contour to Banish Puffiness and Boost Serum Absorption.",B08RYN11N9,AEH7RAIDBU7QALXTMWAA73PTL4JA,https://m.media-amazon.com/images/I/31C23BHaPVL.jpg
"Florona Hibiscus Air Freshener Room Spray for Deep Sleep 100 ml - Pure & Unrefined Pillow Mist & Linen Spray (Hibiscus,100 ml)",B08T7GPT1D,AEC6IZVI2NGFBCIYVD4X5MDGB6DQ_2,https://m.media-amazon.com/images/I/51ve9HnXruS.jpg
"Garnier Whole Blends Softening Shampoo Bar for Fine to Normal Hair, Oat Delicacy, 2 Oz, 1 Count (Packaging May Vary)",B0941YDPSW,AENALXICBEUWDJG6U2GYCGEVM3OQ,https://m.media-amazon.com/images/I/411zYoikIqS.jpg
Fragrantshare Makeup Brushes Professional Organizer Foundation Brush for Liquid makeup Travel 9Pcs Sets - Odorless Fiber Hair - Light Blue,B0919R1CYT,AFXF3EGQTQDXMRLDWFU7UBFQZB7Q,https://m.media-amazon.com/images/I/51dezoocKqS.jpg
"2 Pack Foundation Full Coverage Liquid Foundation, Foundation Primer, 4 Makeup Sponge, Cosmetic Bag, 24HR Matte Oil Control Concealer Foundation (Nude #102+Buff Beige #104)",B08SBV6Z57,AFWVN52MRBWOTIK7UGXBWGOY4HBA,https://m.media-amazon.com/images/I/41vPAMn43vL.jpg
"TIANG Facial Steamer, Nano Ionic Mist Face Steamer, Hydrating Mist Sprayer Water Oxygen Injection, Nano Steamer Portable Mist Humidifier, for Face Mini Spa Rejuvenation, Moisturizing Refreshing",B09671G4KH,AFNACT4MLU243POBVE666TFVUPGQ,https://m.media-amazon.com/images/I/31aFVwLzluS.jpg
"CAXIRO IPL Hair Removal Device for Women and Man, Permanent Reduction in Hair Regrowth for Body, Face & Precision Areas (Bikini and Underarms)",B08VJ7CZW3,AENALXICBEUWDJG6U2GYCGEVM3OQ,https://m.media-amazon.com/images/I/41AW3gAupqL.jpg
LUXEDIVA Brazilian Virgin Hair Straight 3 Bundles 10A Unprocessed Brazilian Short Straight Human Hair Weave Weft Natural Black 14 16 18,B085RS26YH,AFDYIK3FNPY2JFBQYUWC6GSBMIRQ_2,https://m.media-amazon.com/images/I/51Ay1QJ3ZnL.jpg
"BQAN 2 Pieces Wax Pencil for Rhinestones, Dual-ended Rhinestone Picker Dotting Tool, Wax Pen for DIY Nail Art, Rhinestone Gems Crystals Studs Picker With Pink Acrylic Handle (Pink & Pink)",B093H28PD4,AEHGY7TZA4IMOXXBGPTZC7UPM6UQ,https://m.media-amazon.com/images/I/419Fejvg9DL.jpg
"DARKLATER Butterfly Hair Clips for Girls,for Toddler Girls,Baby Girls and Women,Cute Hair Clips,Beautiful Hair Accessories,12 PCS",B08Q8NQMX2,AGRX7ZI7LBRKIZEEVAJFE56T2UMA,https://m.media-amazon.com/images/I/51hxIctLzAL.jpg
"APIVITA Queen Bee Holistic Age Defense Night Cream 1.69 fl.oz. |Intensive Night Treatment That Speeds Skin Regeneration, Smooths Wrinkle & Increases Skin Elasticity with Royal Jelly & Hyaluronic Acid",B07KQ32Z8C,AG73BVBKUOH22USSFJA5ZWL7AKXA,https://m.media-amazon.com/images/I/418tkMpTFYS.jpg
"4D Silk Fiber Lash Mascara, 2pcs Waterproof Mascara & Fiber Set, Longer Thicker Voluminous Eyelashes, No Clumping, No Smudging Lasting All Day",B091GG4N2X,AHY2TURQPNIDXZGH2CMQLZ343YMQ,https://m.media-amazon.com/images/I/51SV4z10m0S.jpg
Lemon Oil Towelettes - 20 Count,B096S4RQNH,AGNUU44ETNXLBOUB53LJGFJP3SQA,https://m.media-amazon.com/images/I/41Nyrj4my7S.jpg
"O.M.CHIC Mannequin Head with shoulders for wig, Display wigs Eyeglasses Necklaces and Earrings",B0998BD871,AEJU3Z6HDAERETMYI2CXBQVPPDFA,https://m.media-amazon.com/images/I/417g-s2JJFS.jpg
S SNUOY Purple Crystal Vintage Queen Crowns Baroque Tiaras Wedding Bridal Queen Tiaras and Crowns for Women and Girls Party Headbands,B08Z7FQGW3,AHHAHQKJ3PP6FFD4Q6UA6AKDG7JA,https://m.media-amazon.com/images/I/517o+ViohxL.jpg
"HOMOST Starry Magnetic Cat Eye Gel Nail Polish Set, 6PCS Galactic Auroras Chameleon Gel Nail Polish Kit With Magnet",B09BKK8G76,AEHGY7TZA4IMOXXBGPTZC7UPM6UQ,https://m.media-amazon.com/images/I/51jRs9ZUbiL.jpg
"YERMA Makeup Face Primer with Brush - Instant Brightening and Whitening, Minimize Pores and Fine Lines, Natural Ingredients Moisturizing Primer for All Skin Types, Illuminate and smooth skin surface",B0977LVHF8,AHPG65LKS3QKRWDUWAKZNLEK5RZQ,https://m.media-amazon.com/images/I/31sp9AXwNjS.jpg
"Eyebrow Stamp and Eyebrow Shaper Kit,One Step Brow Stamp Shaping Kit - Professional Eyebrow Powder Stamp Makeup with 24 Eyebrow Stencils 4 Eyebrow Makeup Brushes",B0994HWXVV,AHPG65LKS3QKRWDUWAKZNLEK5RZQ,https://m.media-amazon.com/images/I/41rOy0IS3-L.jpg
"SUPRENT Razors for Men with Matrix Cutter Head, 38.5° Golden Angle Shaving Kit for Men, Travelling Razor Kit-1 Mens Razor Handle, 2 Blade Refills,1 Dock,1 Shave Foam",B0932Z1NM1,AG3GU5MHHM662AATYNDWYOKOZP7A,https://m.media-amazon.com/images/I/41CTsdh3NLS.jpg
"Bath Bombs Gift Set, Bath Bomb Gift for Women with Rose Petals, Lavender Scent 5pc Handmade Bubble Bath Gift Box with Soap & Petals Mothers Day Gifts Ideas for Mom, New Mom, Wife Birthday Gift for Her",B095CG2ZV1,AFXF3EGQTQDXMRLDWFU7UBFQZB7Q,https://m.media-amazon.com/images/I/41UsRA8k-eL.jpg
Rated Green - Hibiscus Moisturizing Scalp Pack - Tube - 6.76 fl. oz. Cold Brewed Organic Hibiscus with Natural Honey - Softening Hair Mask for Women & Men,B083PXJBVY,AHYOSWORVZFXM5QMRIAW3JTTFFIQ,https://m.media-amazon.com/images/I/31IY7QqDP8L.jpg
Women Ultra Smooth Razor Womens Razors for Shaving Comfortable handle 5-blade Razor + 2 Refill Blades for a Smooth and safety Shave Reusable Razors for Girls Women,B095C1WF44,AF453YWNMOPDI5XRRVQOIF56NM4Q,https://m.media-amazon.com/images/I/21EWGWgg0-S.jpg
"Gryph & IvyRose Coat of Arms Hydrating Lotion for Kids - Hydrating Moisturizer with Shea Butter & Coconut Oil - All Natural, Sustainable, Cruelty Free, No Parabens, No Sulfates, Vegan - USA Made - 8oz",B096YHL82K,AEXYLV5YOYWSLGG47VVECVURA7XQ,https://m.media-amazon.com/images/I/31cx-SLvjIL.jpg
AORAEM Mini Nail Dust Collector Portable Suction Dust Collector Machine Handheld Table Dust Sweeper with Brush for Nail Drills Acrylic Nails (Light Grey),B09571TNVG,AEZY3WQ5CO4DOXRNJOWWXJYKCAXQ,https://m.media-amazon.com/images/I/413DW21v64L.jpg
TODAYADAY’s Baby Foot Peel Mask for Dry Cracked Feet (3 Pairs) - Removes & Repairs Rough Heels - Moisturizing Feet Peeling Mask for Callus and Dead Skin,B097644F71,AFPPNF3RSFMMNC5UAM6V4B475MBQ,https://m.media-amazon.com/images/I/41lxuhmQygL.jpg
"Cuckoo Face Makeup Oil-Absorbing Volcanic Face Roller,Jade Roller Set Facial Beauty Tools,Face Roller Skin Massager for Face",B09C5NQSC5,AGROJMVDIUS3PBURBTV5MX5CVKSA,https://m.media-amazon.com/images/I/31PV5nTmucL.jpg
"UNNY CLUB Cover Glow Cushion 0.3 Oz / 11g Beige Color SPF50+, Flawless Gloss Cushion Powder Complex Single Layer Concealer Cover Moisture Essence Tight Fit, Korea Cosmetics (No.23 Natural Beige)",B08K2V6WGH,AH7LDXK3GT67FZKMRW7MP477DJVQ,https://m.media-amazon.com/images/I/41O7W53iJgL.jpg
"UNNY CLUB Cover Glow Cushion 0.3 Oz / 11g Beige Color SPF50+, Flawless Gloss Cushion Powder Complex Single Layer Concealer Cover Moisture Essence Tight Fit, Korea Cosmetics (No.21 Light Beige)",B08K2WH8LK,AF2BLE54TEMGZ546U763ZHZRXC4A,https://m.media-amazon.com/images/I/419mOcrMPuL.jpg
"LordHighting 240 Pieces Halloween Party/ Ball Press on False Nails with Design, 12 Sizes Medium and Long Full Cover Gloss Fake Nails for Woman and Girls",B09BJM95J7,AGOLMT3QETKYNESRYKBA6D7XXS7A,https://m.media-amazon.com/images/I/518ZxNSZcuL.jpg
"Bloomeffects - Natural Tulip Dew Face Cream | Cruelty-Free, Non-Toxic, Clean Beauty (1.7 oz | 50 ml)",B09FNTZFZZ,AGYVC7KVHP2AWM7BDCEYNHFA6F3Q,https://m.media-amazon.com/images/I/31sfavSwQ0L.jpg
"Birthday Gift, Yachyee hair removal device",B09GVHT2D3,AGZYMSCZZ5SPWHX5AVWTP64TY7AA,https://m.media-amazon.com/images/I/41+iYM6uA-L.jpg
"Simple Pleasures 10-Piece Nail Polish Kit with Shimmering Nail Polish Shades, Glittery Toe Separator, Emery Board Nail File, 50 Nail Stickers, and Clear Plastic Carry Pouch Purse with Zipper",B098GMKW8D,AFKX24ALWAPX366KX6DWTOBWLQAA,https://m.media-amazon.com/images/I/51BMuPdwvQL.jpg
"Peripera Ink Mood Matte Lipstick, Lightweight, Matte, Smooth, Hydrating, Lasting Color Payoff (02 Pink Go Up)",B09HMXY36F,AFEYLO2BKJA2CAG6QGE55RGC7PDA,https://m.media-amazon.com/images/I/216k3FEZCBL.jpg
"Eyebrow Stamp Stencil Kit 2 Colors Waterproof and Long Lasting One Step Easy Color Brow Stamp with 24 Eyebrow Stencils, 1 Brush and 1 Razor, Dark Brown and Light Brown",B09JLSCTR3,AH5BEMAKZE5RJ3JSHUYOJ7S2WKBA,https://m.media-amazon.com/images/I/41kxt8+eGSL.jpg
Nose Pore Wax Strips for hair removal,B099959RFF,AHGIDR4IJFS23Q4GTZ33FI5LYDSQ_1,https://m.media-amazon.com/images/I/01RmK+J4pJL.gif
Prairie Rose Organics Cocoa Butter Cream Peppermint Body Butter - Mint Cocoa Whipped Body Cream,B08TB3DZ1D,AGV5NQ4JDQD6NHXVF6AVZPVDX66Q,https://m.media-amazon.com/images/I/510y-rs6R2L.jpg
"Eggplant Clearing Cleansing Oil Pad 60 pads, Makeup remover pad. Exfoliating. Simple easy quick wipe. Moisturizing cleansing oil pad",B08PHS33D9,AFNCHMAKUAJOGVCKOA4XGLINHPDQ,https://m.media-amazon.com/images/I/41NftZ8eyYL.jpg
Veda Tinda Gel Nail Polish Kit 20 Colors Fall Winter Modern Stage Soak off UV/LED Lamp Nail Polish Set with Glossy & Matte Top Coat and Base Coat Christmas,B08YZ3854D,AGZUJTI7A3JFKB4FP5JOH6NVAJIQ_1,https://m.media-amazon.com/images/I/51oBXi3ibKL.jpg
"Beautiful Girl You Can Do Amazing Things, Inspirational Gifts for Women, Christmas Gifts, Amazing Gifts for Teen Girls, Beautiful Gift Makeup Bag, Inspirational Jewelry Dish, Amazing Mirror",B092M5K59T,AGZYMSCZZ5SPWHX5AVWTP64TY7AA,https://m.media-amazon.com/images/I/51WNOPIvoGS.jpg
Gold Collagen Under Eye Patches Mask for dark circles and puffiness by Levitural - Golden Eye Bags Treatment - Mother's Day Gift for Women,B08CPF22H2,AH5ONINJRNZ674DXUMV4RMYIFYVQ,https://m.media-amazon.com/images/I/41i9SA4dTXL.jpg
Brazilian Virgin Hair Body Wave Bundles 10A Unprocessed Brazilian Human Hair Weave Body Wave Hair Weave Extensions Brazilian Body Wave Human Hair 3 Bundles Body Wave (18 20 22 Inch),B09LXDDCMR,AERQA5ZYAYFVERYQIV6BW4K6KGPQ,https://m.media-amazon.com/images/I/51DdvtUZH+S.jpg
"ANGNYA 6Pcs Nail Art Brushes Set Gel Nail Polish Design Pen Painting Tools With Nail Extension Gel Brushs,Builder Gel Brush,Nail Art Liner Brush for Salon at Home DIY Manicure(Pink)",B09H6XWD7C,AF453YWNMOPDI5XRRVQOIF56NM4Q,https://m.media-amazon.com/images/I/41CjzYjx4HL.jpg
"LuminaGlow Liquid Dual Eyeliner Waterproof Vegan Black Smudge Proof Cruelty-Free Paraben-Free, 0.02oz Description of the Issue - I need to change the title to be more descriptive.",B09LWV3HH2,AE5GH4VM5Q5HNUL4EOAYRLNB7RVA,https://m.media-amazon.com/images/I/11AYAM4XauL.jpg
"B.O.B BARS OVER BOTTLES Moisturizing Shampoo Bar | For Curly Hair | Hair Care, Ideal Ph Balance |Natural, Vegan | Eco-friendly, Sustainable, Plastic Free | Waterless & Zero Waste",B0BN12F234,AG7JCEMC64AM7JPATDVGP6YZOTXA,https://m.media-amazon.com/images/I/31K2E9d5jdL.jpg
"ZUK Black Matte Lipstick 2Pcs Suede Cream Liquid Lipstick Set for Women, Vegan and Cruelty Free, 0.34 Fl Oz",B09NFQ69KT,AH5HSMUMRJRDWBPFDQ6G3EAAOSFQ,https://m.media-amazon.com/images/I/41wVGjCZwFL.jpg
Besame Cosmetics | Forever Red Lipstick - 1925 | Classic Color Lipstick | Vintage Makeup | Long Lasting Lipstick | Semi Matte Lipstick for Women | Moisturizing Lipstick for Sensitive Skin,B005AL5H9S,AFIJLAW3HIOMRUFSWNH54IJ3XQAA,https://m.media-amazon.com/images/I/31+5JFTd2fL.jpg
"Osmotics Eye Lash Enhancing Serum - Eyelash & Brow Growth Serum for Fuller, Healthier and Bolder Looking Lashes - Advanced Formula Formulated with Biotin and Natural Growth Peptides for Longer, Thicker and Darker Eyelashes - Nourishes, Conditions, Strengthen, Enhance, Moisturize and Lengthen Natural Lash and Brows",B09NCJHDX3,AEBWGXGGL3Q5DSTMUQSTVUJDWSMA,https://m.media-amazon.com/images/I/21-MF3+UEML.jpg
"Automatic Curling Iron, Rechargeable Cordless Hair Curler with LCD Digital Display and 6 Temperature Settings, Fast Heating Portable Automatic Hair Curler for Styling Hair Anytime ( Pink )",B09G22586Y,AHPGHDFIU3BUB3RQBP56RQQA7W4Q,https://m.media-amazon.com/images/I/51-SyWv7NJL.jpg
"Boiess Colognes Poppy mint For Moms, Babies & Kids | Natural Eau de Cologne | Clean & Fresh Scent | Children Fragrance For Soft & Sensitive Skin | Easy Use, Gentle on Baby | Size: 8.5 FL Oz",B09G3KBK7Y,AH2DN3Q2OKAW7JAFRIYPHOUOM2ZQ,https://m.media-amazon.com/images/I/41YBUO6LzCL.jpg
100% PURE Coconut Body Scrub Exfoliating Deep Cleanse with Sea Salts & Nourishing Oils - Natural Deeply Moisturizing Skincare - Vibrant Radiant Skin Restore & Pore Cleanser - Vegan - 10oz,B09KX5N1DR,AHGQDSOBAIVAAKJFIVEGS344MSXA,https://m.media-amazon.com/images/I/215-1+M2iEL.jpg
SmoothSkin Pure FIT Intelligent Ultrafast IPL Permanent Hair Reduction for Women & Men - Body & Face – FDA Cleared,B09NCDK9T1,AFF6DS6NOWRIF2AROFASUVVOPYLA,https://m.media-amazon.com/images/I/41MUIy9HoOL.jpg
"ForPro Expert Therapy Massage Lotion, Fragrance-Free, Relax Sore Muscles & Repair Dry Skin, Lightweight, Non-Greasy Formula, Paraben & Sulfate-Free, 1 Gallon (128 Ounces)",B08N5NDVGH,AFXF3EGQTQDXMRLDWFU7UBFQZB7Q,https://m.media-amazon.com/images/I/31Wd8CWtKzL.jpg
Makeup Headband - 3PCS Spa Headband For Washing Face Skincare Towel Headbands Shower Hair Band,B09Q5TTQS7,AHPGHDFIU3BUB3RQBP56RQQA7W4Q,https://m.media-amazon.com/images/I/41xKq8B0rlL.jpg
"Sasy n Savy, Citrus Soufflè Hydrating and Nourishing Body Crème, Plant-Based Natural Ingredients For Daily Moisture, 6.08 fl oz(180mL)",B009GPP546,AECQQBG6YRYCOJL2NCB2H3V6LD6Q,https://m.media-amazon.com/images/I/31u3gbwCrCS.jpg
"BABOR Power Serum Ampoule: Beta Glucan | Calms, Strengthens, Soothes | 2D Hyaluronic Acid & Microsilver | Clean & Vegan | Visible Results in 7 Days",B0971Z28DS,AF4UB2PGVLHK45WF7I6OED36OQDA,https://m.media-amazon.com/images/I/41HvSL-g1xL.jpg
"Vegan Mia - USDA Organic Radiance Superfruit Cleansing Oil and Make-up Remover, Oil Cleanser and Makeup Remover Oil for Dry Skin and Other Skin Types, Loaded with Moisturizer Essential Fatty Acids, Rich in Antioxidants, Truly Natural Skincare, (With No Added Fragrance) 3.4 fl oz",B0BR4GL7Q6,AFHXAZFQLN6RWIKMW2NJGBOHSRYQ,https://m.media-amazon.com/images/I/51APSrnfo3L.jpg
"Kopari Bubblegum Lip Gloss Kit | Strawberry, Grape, and Bubble Gum Flavors | Hydrating Blend of Shea Butter and Coconut Oil to Nourish and Soothe Chapped Lips | Vegan and Cruelty-Free",B09SH1FD9S,AEXO6YBJHQZFPLVRQJI6VX7IJDNA,https://m.media-amazon.com/images/I/31GoF4kr80L.jpg
mold remover gel (3 Pack),B09TTC9Q9W,AGRO3UTLKTF724ZW64QXGWXJ4SYA,https://m.media-amazon.com/images/I/514Gfq4oWAL.jpg
"Mocossmy Cross Nail Art Charms Decoration,72 PCS Gold Silver 3D Mini Metal Punk Vintage Cross Designs Mixed Types Retro Acrylic Nail Jewelry Accessories for Women Girls DIY Manicure Crafts Decoration",B09W287PQT,AE5GH4VM5Q5HNUL4EOAYRLNB7RVA,https://m.media-amazon.com/images/I/51Vd7oRoKjL.jpg
"Builder Gel Nail Kit -2 oz Clear&Pink Nail Extension Gel Big Capacity Builder Gel for Nails,Hard Gel Strengthen Set with Nail Forms Brush Nail File DIY for Nail Art Manicure",B09NLMYH7T,AE5GH4VM5Q5HNUL4EOAYRLNB7RVA,https://m.media-amazon.com/images/I/51rapomcAuL.jpg
"HMPRT 80s Costumes for Men, Halloween Heavy Metal Rocker Wig with Trucker Hat, Black T-Shirt Outfit, 90s Accessories Blow Up Guitar Music Costume Prop,L",B09XF4WD3V,AFTJ7XQN2EIELHARUBBL6Y7L65DA,https://m.media-amazon.com/images/I/41LqOoENGaL.jpg
"GOMAY Hydrating Amino Acid Foaming Facial Cleanser, Daily Face Wash for Makeup Remover with Face Cleansing Brush",B09ZDQ626L,AF4UB2PGVLHK45WF7I6OED36OQDA,https://m.media-amazon.com/images/I/31P1t6kemKL.jpg
By Terry Hyaluronic Pressed Hydra-Powder | Transcluscent | Infused with Hyaluronic Acid | Vegan,B09CLNDMXX,AHSUP5RSGRWZPUEIXS3TYSDMAX5A,https://m.media-amazon.com/images/I/51HsNyVjV7L.jpg
"Big Hair Claw Clips for Women and Girls - 4.3 Inch 8 Pcs Matte Claw Hair Clips for Thick Hair, Large Jaw Clips for Thin Hair, 2 Styles Strong Hold Hair Accessories for Girls",B0B2DN2MHK,AESGD7JWLZAPQZLN7NQD3GRPUADA,https://m.media-amazon.com/images/I/41M0bn-SxfL.jpg
"EMILIE HEATHE - Lip Atelier Lip Color | Sustainable, Cruelty-Free, Clean Beauty (Public)",B09TMRB5NT,AF4UB2PGVLHK45WF7I6OED36OQDA,https://m.media-amazon.com/images/I/31yyaQ0y71L.jpg
YouClean 300 Antibacterial Travel Hand Soap Sheets - Pocket/Purse/Wallet/Backpack -Great for Outdoor Camping or Daily Use (Tea Party) (Tea Party),B0C5V83YMB,AHRKSR7YAA6TGQGDO6CA5GDTRXDA,https://m.media-amazon.com/images/I/51yyb7H-oAL.jpg
L’ange Argan-Infused Round Brush | Lightweight & Ergonomic Design | 43MM Tourmaline Ceramic Barrel,B0B4VHNL46,AFF6DS6NOWRIF2AROFASUVVOPYLA,https://m.media-amazon.com/images/I/31r6PeLdUzL.jpg
"MRTREUP Chrome Nail Powder Palette , Metallic Mirror Effect Chrome Powder for Nails , Rose Gold Sliver Pink Holographic Nail Glitter Nail Pigment Powder for DIY Salon Nail Art Decorations",B0B4RV6X1H,AGSVNZDZNPCMXG5DEFXMZNRH2LCQ,https://m.media-amazon.com/images/I/51e5QMKvKuL.jpg
L'ANGE HAIR Rubber Sectioning Hair Clips | Narrow-Tipped Design | For Parting & Sectioning Hair | Easy Grip Handles | Professional Styling Results | 6-Pack (Blush),B0B4KS62Z8,AFF6DS6NOWRIF2AROFASUVVOPYLA,https://m.media-amazon.com/images/I/31ILztmGN0L.jpg
"Beauty Bakerie Lip Whip Liquid Metallic Lipstick, Long Lasting Lip Color, Smudge Proof Makeup, Berried, 3.5 mL",B0BVQQ58G8,AH6JLX5SJSUOJBBT6RRE2RDXIG6A,https://m.media-amazon.com/images/I/41YYJKK3LmL.jpg
"Elli K Essential Sincerity From AZ Time Reverse Double Ampoule – Made in USA - Double Layering Serum – Repairing & Deep Hydrating – Oil and Cream Formula for Healthy and Smooth Skin, (2.02 fl.oz.)",B0B4JPGX8P,AF4UB2PGVLHK45WF7I6OED36OQDA,https://m.media-amazon.com/images/I/31HikBR7yBL.jpg
JUNG SAEM MOOL OFFICIAL] JUNGSAEMMOOL Minifying Cica Mist Balm,B0B4MR9BXN,AFNACT4MLU243POBVE666TFVUPGQ,https://m.media-amazon.com/images/I/31D2Lh14rfL.jpg
"MilyBest Fluffy Lashes False Eyelashes Natural Look Cat Eye Lashes, Dramatic Faux Mink Lashes 3D Effect 18mm D Curl Volume Extension Reusable Wispy Lashes Pack 10 Pairs",B0B5XFVSXY,AHRERECZ4GKHHBQDBRQLVITBYHXQ,https://m.media-amazon.com/images/I/61W0IhxsxlL.jpg
Celleanser Vegan Clean Serum100% Vegan Ingredients Quick Relief and Repair Hypoallergic Tested Hydrating Panthenol Silky Texture Made in Korea 30ml 1.01 fl. oz.,B0B64PMWPH,AGG5SZ7EMJI66IQ6E3Z3YJKQD56A,https://m.media-amazon.com/images/I/21hW0tMkwbL.jpg
"MEIQIER Eye Massager with Natural Quartz Jade, Facial Massage Tool with Heat & Vibration for Eliminate Eye Bags, Dark Circle Remover Eye Lip Fine Lines, Promote Essence Absorption",B09WN3KBDF,AFGCJIO7DNVCCZPG4KVMKKXVPJLQ,https://m.media-amazon.com/images/I/41awPdaYwrL.jpg
Moroccanoil Color Care Conditioner,B0BXB4J297,AFWSX6J3BVHWV5KLNYIVNUBTN7MQ,https://m.media-amazon.com/images/I/31wOU8IKV4L.jpg
